
{
  "stepsize" : 0.00183794,
  "metric_type" : "diag_e",
  "inv_metric" : [ 1.00652, 0.451301, 0.416624, 0.347661, 0.37163, 0.371408, 0.404082, 0.422306, 0.373594, 0.369244, 0.429214, 0.402174, 0.501164, 0.63165, 0.583049, 0.552468, 0.576966, 0.666009, 1.08349, 0.744232, 0.61717, 0.402345, 0.727471, 0.687042, 0.579962, 0.622781, 0.577825, 0.681153, 0.568624, 0.687916, 0.650405, 0.724191, 0.716518, 0.815352, 0.75616, 1.00593, 0.945628, 0.394915, 0.360616, 0.348378, 0.438611, 0.412891, 0.405888, 0.375816, 0.335539, 0.326483, 0.275778, 0.265325, 0.32032, 0.420018, 0.375719, 0.356948, 0.406455, 0.544547, 0.941302, 0.296993, 0.23379, 0.19163, 0.171824, 0.181311, 0.24376, 0.281478, 0.247868, 0.23999, 0.285036, 0.303525, 0.377844, 0.494878, 0.703267, 0.558306, 0.58066, 0.695192, 0.912317, 0.950833, 0.656857, 0.835362, 0.607287, 0.632508, 0.661267, 0.741606, 0.759704, 0.760182, 0.9495, 0.854369, 0.859536, 0.997371, 1.03063, 0.833983, 0.933926, 0.869302, 0.924856, 0.469722, 0.421328, 0.46263, 0.562103, 0.553068, 1.23867, 0.771774, 0.697302, 0.631152, 0.689503, 0.680784, 0.853474, 0.809255, 0.811625, 0.971048, 0.900867, 0.926152, 0.985814, 0.454126, 0.469311, 0.28804, 0.179429, 0.192177, 0.186824, 0.238224, 0.230945, 0.187104, 0.243623, 0.262658, 0.276387, 0.327464, 0.34813, 0.381255, 0.413423, 0.436854, 1.02225, 0.977285, 0.955792, 0.546819, 0.542749, 0.460496, 0.428121, 0.383407, 0.354543, 0.411002, 0.419344, 0.37307, 0.362553, 0.499835, 0.551279, 0.574014, 0.573541, 0.587453, 0.800266, 0.861807, 0.86671, 0.645523, 0.800948, 0.530042, 0.535815, 0.837663, 0.540323, 0.610387, 0.612075, 0.685826, 0.693619, 0.615969, 0.558401, 0.648155, 0.698122, 0.711915, 0.991621, 1.21804, 0.56846, 0.781183, 0.550087, 0.611892, 0.704529, 0.90663, 0.753903, 0.640965, 0.656439, 0.778264, 1.04484, 0.936039, 0.946695, 1.00628, 0.986331, 0.956434, 0.950957, 0.946701, 0.813039, 0.651839, 0.723253, 0.761747, 0.739923, 0.768853, 0.805687, 0.774211, 0.780051, 0.823453, 0.719615, 0.801191, 0.820333, 0.679917, 0.786733, 1.00439, 1.03661, 1.09912, 0.910595, 0.869973, 0.791398, 0.766456, 0.969828, 0.910084, 0.882704, 0.711666, 0.501204, 0.457729, 0.5358, 0.471425, 0.568119, 0.692887, 0.760465, 0.898545, 1.00493, 1.02773, 0.750173, 0.703046, 0.767245, 0.736626, 1.03442, 0.91761, 1.00028, 0.891911, 0.738127, 0.774363, 0.691968, 0.683168, 0.659443, 0.778596, 0.713164, 0.901519, 0.918644, 0.975158, 0.959522, 0.909059, 0.951376, 1.03379, 0.855175, 0.981304, 1.0685, 0.953647, 1.02623, 0.984385, 0.933013, 0.974581, 1.00208, 1.09449, 1.0171, 0.979622, 1.14068, 1.00799, 0.999602, 1.00296, 0.874224, 0.879817, 0.810096, 0.923061, 0.951233, 1.08047, 0.935162, 0.759807, 0.667927, 0.695384, 0.676595, 0.608742, 0.698333, 1.0526, 0.985029, 0.764798, 0.841456, 0.903215, 0.906685, 0.989122, 0.826023, 0.788193, 0.835752, 0.646446, 0.647085, 0.728315, 0.667952, 0.48965, 0.488121, 0.687936, 0.496249, 0.932689, 1.03381, 0.948539, 0.983691, 0.984872, 0.876759, 0.940507, 0.992498, 0.238852, 0.386602, 0.441639, 0.484174, 0.751876, 0.775274, 0.609246, 0.467469, 0.753298, 0.521762, 0.875561, 0.954798, 1.04025, 0.893088, 0.838833, 0.850855, 0.945769, 1.09563, 0.925427, 0.98291, 0.972895, 0.952532, 0.947369, 1.01574, 0.945868, 0.952021, 0.941021, 0.821278, 0.942854, 0.98322, 0.80909, 0.663173, 0.770439, 0.590487, 0.91008, 0.965002, 1.03267, 1.04979, 1.06583, 1.02837, 0.824977, 0.91848, 0.794745, 0.746906, 0.668254, 0.919114, 1.04562, 0.888516, 0.978942, 0.730454, 0.828664, 0.891194, 0.544355, 0.611015, 0.52403, 0.578777, 0.572114, 0.705279, 0.941102, 0.765506, 0.7594, 0.799312, 0.970498, 0.881273, 1.06708, 0.972652, 0.494975, 0.930272, 0.820518, 0.912917, 0.917975, 1.09188, 1.05822, 0.473672, 0.528239, 0.438557, 0.602729, 0.549339, 0.791801, 1.00025, 0.908672, 0.616778, 0.929694, 1.00476, 0.655386, 0.6529, 0.872106, 1.03469, 0.788136, 0.724599, 0.759299, 0.760668, 0.983309, 0.996985, 0.86179, 0.759425, 0.945864, 0.47664, 0.417715, 0.471693, 0.989517, 0.982141, 0.822307, 0.726853, 0.71248, 0.73478, 0.647589, 0.570696, 0.618934, 0.740663, 0.609221, 0.704187, 0.666985, 0.859429, 0.598639, 0.676621, 0.728834, 0.831974, 1.00167, 1.01278, 0.964417, 0.655779, 0.820318, 0.77567, 0.930742, 0.85273, 0.737316, 0.757948, 0.73386, 0.743905, 0.790051, 0.755453, 0.782752, 0.950898, 0.815223, 0.843315, 0.896119, 0.841435, 0.948511, 1.11957, 1.06537, 0.964334, 0.923413, 1.0784, 1.04364, 1.09122, 0.952925, 0.858872, 0.990537, 1.06561, 0.879696, 0.935642, 0.893893, 0.865088, 0.920595, 0.990132, 0.986914, 1.0941, 0.894531, 0.97646, 0.987311, 1.01918, 1.05242, 0.96253, 0.974042, 0.739277, 0.762048, 0.654565, 0.689304, 0.571787, 0.715836, 0.860897, 1.05626, 1.00328, 0.794586, 0.648878, 0.728482, 0.76435, 0.800214, 0.603746, 0.698373, 0.731969, 0.615423, 0.775431, 0.595768, 0.627616, 0.532675, 0.468291, 0.710029, 0.896372, 1.12943, 0.97407, 0.243334, 0.236337, 0.26031, 0.251472, 0.071464, 0.459378, 0.572976, 0.444158, 0.490767, 0.581332, 0.771701, 0.794508, 0.635409, 0.970927, 0.797907, 0.896163, 0.963414, 1.0347, 0.876745, 0.995665, 0.845622, 0.923505, 0.93309, 0.948522, 0.868604, 0.892621, 0.955339, 0.877004, 0.966175, 0.831503, 1.03798, 0.968806, 1.00772, 1.15723, 0.893349, 0.936481, 0.939839, 0.710732, 0.669688, 1.08259, 1.05386, 1.0729, 1.05199, 1.11134, 1.00112, 1.00146, 0.806734, 0.796824, 0.668417, 0.800629, 0.864261, 0.80816, 1.0093, 0.897617, 0.752076, 0.754377, 0.890822, 0.721228, 0.846411, 0.506502, 0.60561, 0.508905, 0.679351, 0.701137, 0.689119, 0.796133, 0.765131, 0.652847, 0.750414, 0.7181, 0.876401, 0.922896, 1.02687, 0.306698, 0.319923, 0.262837, 0.300908, 0.342427, 0.620706, 0.704125, 0.627066, 0.567666, 0.611991, 0.414257, 0.294326, 0.478639, 0.72076, 0.879904, 1.18522, 1.02658, 0.884083, 0.225404, 0.225614, 0.599873, 0.767039, 0.701479, 0.467522, 0.579025, 0.646005, 0.752881, 0.699118, 0.958857, 0.611867, 0.661341, 0.602578, 0.662217, 1.08244, 3.13, 1.60836, 3.62462, 8.3867, 0.605381, 4.03503, 3.92593, 0.976315, 0.379235, 0.665029, 0.46312, 4.9969, 3.94627, 4.28362, 4.65652, 3.24094, 0.0443014, 3.33119, 4.6252, 3.84091, 4.16114, 3.32488, 0.0197138, 0.406987, 0.482322, 0.481922, 0.573327, 0.449606, 0.470261, 0.48154, 0.562099, 0.47726, 0.585834, 0.526955, 0.462216, 0.391485, 0.432833, 0.487094, 0.359679, 0.693521, 0.491508, 0.495009, 0.331004, 0.681376, 0.479568, 0.0671784, 0.647473, 0.0807119, 1.80024, 1.78691, 0.0112622, 0.0201095, 0.0182328, 0.214332, 0.0295619, 0.0294129, 0.0128509, 0.288021, 0.053276, 0.0203295, 0.0218207, 0.0251494 ]
}
