
{
  "stepsize" : 0.00171177,
  "metric_type" : "diag_e",
  "inv_metric" : [ 1.05994, 0.436826, 0.397344, 0.315105, 0.376863, 0.349379, 0.345929, 0.340041, 0.3994, 0.378234, 0.380421, 0.471108, 0.527482, 0.708346, 0.620463, 0.635688, 0.670743, 0.623695, 0.911384, 0.80973, 0.677192, 0.422678, 0.67445, 0.840456, 0.580313, 0.694112, 0.609889, 0.588227, 0.535362, 0.688672, 0.642158, 0.708918, 0.729806, 0.813713, 0.713819, 0.864706, 1.01373, 0.380628, 0.387613, 0.343839, 0.45429, 0.356517, 0.356058, 0.334871, 0.356, 0.314782, 0.235227, 0.311022, 0.327871, 0.437146, 0.412776, 0.364599, 0.456747, 0.523925, 0.898678, 0.321752, 0.252323, 0.169797, 0.169775, 0.169433, 0.263949, 0.259916, 0.231752, 0.223094, 0.304592, 0.298233, 0.433684, 0.561229, 0.796763, 0.619185, 0.626298, 0.743064, 0.784539, 0.955675, 0.71713, 0.797287, 0.677347, 0.6303, 0.671083, 0.645912, 0.773408, 0.798728, 0.806109, 0.981308, 0.818251, 0.872372, 0.943074, 0.882563, 0.91681, 0.870494, 0.940604, 0.448642, 0.390687, 0.468949, 0.552891, 0.55374, 1.4161, 0.707118, 0.720795, 0.623191, 0.635015, 0.722942, 0.816458, 0.981475, 0.912942, 0.884457, 0.946009, 1.05105, 1.01741, 0.477927, 0.514602, 0.260623, 0.213782, 0.17617, 0.196698, 0.217734, 0.234128, 0.211784, 0.250393, 0.238478, 0.257157, 0.324828, 0.337224, 0.379571, 0.372929, 0.420376, 0.902822, 1.02714, 1.00622, 0.550784, 0.570945, 0.433586, 0.404719, 0.363055, 0.341485, 0.366116, 0.395309, 0.363939, 0.334668, 0.461729, 0.559941, 0.550886, 0.61088, 0.585767, 1.00832, 0.845631, 0.833891, 0.589957, 0.686987, 0.640665, 0.637135, 0.794877, 0.596828, 0.575592, 0.617207, 0.731937, 0.683472, 0.672444, 0.613944, 0.678164, 0.735203, 0.804114, 1.08786, 1.32372, 0.622552, 0.762156, 0.574257, 0.553112, 0.616155, 0.834341, 0.720102, 0.647457, 0.655083, 0.715558, 1.06325, 0.991678, 1.01899, 0.856967, 1.04343, 0.880513, 1.00376, 1.03175, 0.835448, 0.627392, 0.697157, 0.80655, 0.827925, 0.76195, 0.878924, 0.770602, 0.787949, 0.812004, 0.80676, 0.924762, 0.836331, 0.629734, 0.829477, 0.918434, 0.973606, 1.01544, 1.0118, 0.743797, 0.763896, 0.722669, 0.945576, 1.09439, 0.881461, 0.670914, 0.491136, 0.478534, 0.549825, 0.600648, 0.635658, 0.634817, 0.756071, 0.946331, 1.08039, 1.04854, 0.905846, 0.549231, 0.688198, 0.840224, 1.00741, 0.952113, 0.886061, 0.789726, 0.801928, 0.69818, 0.713112, 0.65451, 0.667041, 0.845516, 0.645418, 1.04695, 1.03333, 0.983106, 1.00591, 1.00846, 0.956814, 0.974714, 0.944098, 1.06461, 1.101, 1.0851, 0.951033, 0.906476, 0.999652, 1.0394, 0.975708, 0.976489, 1.0786, 1.07084, 0.923153, 0.964396, 0.864754, 0.897095, 0.926073, 0.882632, 0.949604, 1.02071, 0.950607, 1.00817, 0.946233, 0.909711, 0.7644, 0.835136, 0.642965, 0.580178, 0.82727, 0.906339, 1.04319, 0.755375, 0.931994, 0.879285, 0.847971, 0.835393, 0.698422, 0.759913, 0.775659, 0.672493, 0.635846, 0.7763, 0.702263, 0.615595, 0.458354, 0.6428, 0.521704, 0.949658, 1.05106, 0.763874, 0.883648, 1.05972, 0.983709, 0.99811, 0.959935, 0.293061, 0.424673, 0.443385, 0.536673, 0.690282, 0.730435, 0.660849, 0.437761, 0.731502, 0.501912, 1.02209, 0.96355, 1.00254, 0.849788, 0.92936, 1.19686, 1.00296, 1.04118, 0.882674, 1.06826, 1.04456, 1.02249, 0.989239, 1.07661, 0.869453, 0.888105, 0.957068, 0.774657, 1.04133, 0.964068, 0.872618, 0.828591, 0.6921, 0.502291, 0.806763, 0.87737, 0.92547, 0.907647, 1.09323, 0.915929, 0.811377, 1.01359, 0.885043, 0.681306, 0.652101, 0.920514, 1.00068, 1.01174, 0.975538, 0.846237, 0.902734, 0.916182, 0.628992, 0.596222, 0.454234, 0.670496, 0.557362, 0.831516, 1.01468, 0.864811, 0.854851, 0.630331, 1.03024, 0.827888, 0.930932, 0.978008, 0.674802, 0.998677, 0.769494, 0.850889, 1.0258, 1.10156, 1.0433, 0.467224, 0.541895, 0.415133, 0.571429, 0.559319, 0.744625, 0.884632, 0.850283, 0.663682, 0.993706, 1.05539, 0.733623, 0.609365, 0.903223, 1.08905, 0.806806, 0.710017, 0.76028, 0.770163, 1.00513, 1.06029, 0.8157, 0.861119, 0.857257, 0.463673, 0.453873, 0.537043, 1.00291, 1.16139, 0.929401, 0.748478, 0.703397, 0.65051, 0.590941, 0.657944, 0.745878, 0.670415, 0.636986, 0.724314, 0.760549, 0.838057, 0.736047, 0.73929, 0.802185, 0.928832, 0.933188, 1.1178, 0.837609, 0.678287, 0.825798, 0.786919, 0.681961, 0.721322, 0.807155, 0.760368, 0.721593, 0.742532, 0.735058, 0.75845, 0.684396, 0.818584, 0.843828, 0.886597, 1.13875, 0.888649, 0.829474, 0.960753, 1.09157, 1.06137, 0.952259, 0.910845, 1.02419, 1.15024, 0.938253, 0.961266, 1.10276, 1.04183, 0.958342, 0.957505, 0.898486, 0.775639, 1.01856, 1.01393, 0.953507, 1.00921, 0.973367, 0.951524, 1.09307, 1.06199, 0.912936, 0.934598, 0.974788, 0.864227, 0.864091, 0.685767, 0.800519, 0.534149, 0.808053, 0.865343, 0.8818, 0.9927, 0.849508, 0.620062, 0.784732, 0.794091, 0.672694, 0.64176, 0.65402, 0.715116, 0.600094, 0.711104, 0.58918, 0.635974, 0.599656, 0.536959, 0.499699, 0.794597, 0.946258, 1.12157, 0.25487, 0.216557, 0.211583, 0.214122, 0.0944578, 0.412595, 0.6161, 0.419882, 0.476131, 0.568206, 0.786222, 0.904473, 0.653273, 0.880291, 0.664111, 0.784106, 0.9378, 0.878054, 0.900044, 0.948338, 1.00362, 0.933708, 0.91163, 0.976029, 1.01901, 0.987004, 0.884102, 1.05441, 0.964374, 0.936397, 0.888127, 0.800103, 0.930045, 1.01424, 1.03354, 0.896265, 0.852108, 0.678234, 0.677791, 1.04685, 0.889451, 1.00225, 1.09233, 1.05455, 0.946077, 0.855876, 0.867096, 0.757741, 0.648393, 0.782373, 0.806293, 0.855609, 1.02958, 0.931501, 0.776859, 0.789992, 0.837636, 0.791627, 0.839813, 0.497466, 0.563854, 0.537223, 0.704515, 0.731037, 0.605312, 0.76279, 0.843259, 0.704552, 0.654047, 0.707163, 0.940359, 1.02388, 1.01928, 0.280419, 0.25679, 0.27777, 0.31396, 0.365643, 0.574318, 0.778058, 0.561193, 0.546998, 0.578102, 0.443353, 0.328068, 0.537774, 0.722338, 0.906045, 0.872023, 0.946084, 0.859596, 0.241848, 0.2123, 0.577749, 0.681454, 0.776103, 0.474385, 0.580702, 0.611948, 0.885048, 0.737049, 0.86715, 0.661072, 0.736661, 0.621394, 0.615356, 1.00822, 4.1602, 1.71333, 3.84485, 4.84306, 0.692395, 3.21927, 3.27715, 0.645185, 0.459606, 1.36304, 1.22528, 3.78294, 3.71926, 4.45329, 4.54452, 3.90834, 0.04149, 4.41564, 5.15376, 2.52039, 4.482, 4.25065, 0.0196082, 0.415185, 0.523802, 0.42523, 0.49582, 0.457026, 0.465817, 0.467748, 0.569721, 0.531374, 0.583393, 0.599628, 0.420771, 0.452891, 0.507941, 0.458645, 0.344943, 0.635935, 0.436419, 0.580415, 0.431157, 0.735582, 0.50143, 0.0646582, 0.783118, 0.0813395, 1.94813, 1.63896, 0.0125005, 0.019205, 0.0265683, 0.206129, 0.0372564, 0.0282109, 0.0128522, 0.257854, 0.0514095, 0.0225704, 0.0218753, 0.0263637 ]
}
