
{
  "stepsize" : 0.00185621,
  "metric_type" : "diag_e",
  "inv_metric" : [ 0.998218, 0.369995, 0.236859, 0.134229, 0.147903, 0.144246, 0.150955, 0.176155, 0.168146, 0.175964, 0.213682, 0.256349, 0.365571, 0.445752, 0.469531, 0.335793, 0.35783, 0.403909, 0.978371, 0.535315, 0.407322, 0.165526, 0.214483, 0.237067, 0.210805, 0.189497, 0.195466, 0.161294, 0.190021, 0.233708, 0.269555, 0.391941, 0.43166, 0.379592, 0.415811, 0.564238, 1.11731, 0.306536, 0.23321, 0.112803, 0.131649, 0.115817, 0.129385, 0.137632, 0.153405, 0.148636, 0.142741, 0.172293, 0.21821, 0.254278, 0.280568, 0.240243, 0.263921, 0.291104, 1.0799, 0.274033, 0.195167, 0.08568, 0.0716937, 0.0629237, 0.0744615, 0.0607003, 0.067191, 0.113299, 0.127785, 0.135383, 0.176729, 0.19433, 0.295646, 0.321139, 0.283862, 0.30426, 1.01418, 0.585245, 0.542723, 0.194538, 0.29264, 0.258159, 0.264346, 0.30784, 0.37263, 0.404721, 0.673879, 0.587692, 0.536886, 0.807196, 0.634202, 0.602912, 0.651941, 0.539017, 0.954358, 0.302527, 0.295824, 0.098078, 0.100392, 0.0863172, 0.0300795, 0.0988848, 0.100691, 0.556513, 0.55296, 0.544059, 0.474499, 0.550906, 0.675733, 0.57137, 0.509584, 0.652244, 1.06644, 0.290998, 0.207206, 0.126371, 0.0740068, 0.0666141, 0.0732623, 0.0852417, 0.114618, 0.0988486, 0.13157, 0.141957, 0.167825, 0.193348, 0.185249, 0.205699, 0.209936, 0.241853, 0.86833, 0.545621, 0.414964, 0.276713, 0.201387, 0.222236, 0.188684, 0.1622, 0.126955, 0.18327, 0.153947, 0.126638, 0.107879, 0.151059, 0.202427, 0.222752, 0.268467, 0.26443, 0.974713, 0.661323, 0.591675, 0.247075, 0.223879, 0.225236, 0.304871, 0.37137, 0.405919, 0.336646, 0.355584, 0.278912, 0.3223, 0.260549, 0.264229, 0.29304, 0.292532, 0.358763, 1.1391, 0.650937, 0.371158, 0.38675, 0.341761, 0.262152, 0.260616, 0.230584, 0.115198, 0.128284, 0.232386, 0.389444, 0.706297, 0.517866, 0.620787, 0.747141, 0.860461, 0.758985, 0.908428, 0.680213, 0.410887, 0.589955, 0.382483, 0.321656, 0.245031, 0.319486, 0.367339, 0.357255, 0.335019, 0.265645, 0.201595, 0.368125, 0.401153, 0.441075, 0.584476, 0.475357, 0.967323, 0.964852, 0.932847, 0.693304, 0.658917, 0.64883, 0.848987, 0.866929, 0.848067, 0.79514, 0.665844, 0.604839, 0.453347, 0.591756, 0.603458, 0.621411, 0.715482, 0.966936, 0.954648, 0.983819, 0.838054, 0.642717, 0.603528, 0.761657, 0.914212, 0.886455, 0.936869, 1.11717, 0.872936, 0.966668, 1.01, 0.935036, 0.693476, 0.772477, 0.890565, 0.969067, 1.01545, 1.03542, 1.00503, 0.919328, 0.959252, 0.996469, 0.97963, 0.912165, 0.974927, 0.994506, 0.908047, 0.921126, 1.02484, 0.978821, 0.913219, 0.891551, 0.957741, 0.960019, 0.999026, 0.99037, 0.979484, 0.878377, 0.996299, 0.971839, 1.06678, 1.10963, 0.966655, 0.994195, 1.10959, 1.00332, 1.12145, 0.889557, 0.793566, 0.724493, 0.673353, 1.07624, 1.0427, 0.795964, 0.875264, 0.879073, 0.990049, 1.04373, 0.964608, 0.958882, 0.841477, 0.930461, 0.645803, 0.726304, 0.695934, 0.604076, 0.525267, 0.64258, 0.478051, 1.1795, 1.05272, 0.91286, 0.98605, 0.865492, 1.07033, 0.949929, 0.995206, 0.985312, 0.980623, 0.625277, 0.555363, 0.570289, 0.793676, 0.725499, 0.699421, 0.786304, 0.785548, 1.00577, 1.0233, 0.997453, 0.91344, 0.95984, 0.92121, 0.94176, 0.937116, 0.959188, 1.10995, 0.935049, 0.910197, 0.921792, 1.09418, 0.915822, 1.01286, 0.935199, 0.936736, 0.96199, 1.0499, 0.985321, 0.827998, 0.803548, 0.690839, 0.905389, 1.15595, 0.984439, 1.03173, 1.05255, 1.04792, 1.07362, 1.03686, 1.04456, 0.844584, 0.761643, 0.889437, 0.936263, 1.10356, 1.0438, 0.825485, 0.797849, 0.95668, 0.908513, 0.91958, 0.802399, 0.792954, 0.67667, 0.750337, 1.02456, 0.934857, 0.893733, 0.669726, 0.941929, 1.00538, 0.945537, 1.01185, 0.805797, 0.938504, 0.586729, 0.832953, 0.881193, 0.995882, 1.05866, 1.05857, 1.0242, 0.817507, 0.73931, 0.578597, 0.625374, 0.761496, 0.853657, 0.576525, 0.941161, 1.01686, 0.926106, 0.786605, 0.73062, 0.982948, 1.05012, 0.819157, 0.79343, 0.786226, 1.05858, 0.99462, 1.09663, 0.91217, 0.96375, 0.777885, 0.812661, 0.721037, 1.04668, 1.02621, 0.970937, 0.94341, 0.923803, 1.03954, 0.923147, 1.02571, 0.935347, 1.00397, 0.905727, 0.835754, 1.0359, 0.852955, 0.903883, 0.859281, 0.936374, 0.964517, 1.0404, 0.913442, 1.05127, 0.884662, 0.974761, 1.10539, 0.904356, 0.895751, 1.0041, 0.937697, 0.958615, 0.964128, 0.857183, 1.04954, 0.861186, 1.06697, 1.02419, 0.997503, 1.00839, 1.08054, 1.04717, 0.973244, 0.926021, 1.01086, 1.1257, 1.04437, 1.04528, 1.03225, 0.891516, 1.05848, 1.05275, 0.939864, 0.994346, 0.965959, 0.936942, 0.892398, 1.05015, 1.01229, 0.960487, 1.10071, 1.01965, 1.04894, 0.985031, 1.10128, 1.04518, 1.11668, 1.03379, 0.906164, 1.06619, 1.05145, 0.834122, 0.97461, 1.02783, 0.985281, 1.12087, 0.989922, 0.971916, 0.947472, 0.955454, 0.96761, 0.993808, 0.832363, 0.925116, 0.88748, 0.938339, 0.89671, 0.975195, 0.883097, 0.821291, 0.890092, 0.892463, 0.886597, 0.909176, 1.09477, 0.979882, 1.01032, 0.919801, 1.06745, 0.9669, 1.02579, 0.984832, 0.734727, 0.814988, 0.827335, 0.878255, 0.961811, 1.01103, 0.919893, 0.948426, 1.00513, 0.967832, 1.11758, 0.921673, 0.912958, 1.03598, 0.934205, 1.11265, 1.0617, 0.885909, 0.904342, 0.991216, 0.990489, 0.882184, 1.0578, 1.04884, 1.05517, 1.08199, 1.00929, 0.935992, 0.911761, 0.944253, 1.07884, 0.893885, 0.948123, 1.07891, 1.02018, 0.936248, 0.940073, 0.85355, 0.945237, 0.937147, 0.909541, 0.894058, 0.9089, 1.07337, 0.953191, 1.00394, 0.942159, 0.822008, 1.12422, 1.11218, 1.11648, 0.994465, 0.833347, 1.08252, 0.939851, 0.909843, 1.05958, 0.965754, 1.04776, 0.949212, 0.984265, 1.09953, 0.934541, 1.0714, 1.01818, 0.944628, 0.840251, 1.09275, 0.93373, 0.910261, 1.00119, 1.00827, 0.946796, 1.01887, 0.920654, 0.838973, 0.825376, 0.976689, 0.907532, 0.950691, 0.940514, 0.881573, 0.993123, 0.92711, 1.10969, 1.02946, 0.939327, 0.875575, 0.908785, 0.957156, 0.934826, 0.998232, 0.932258, 0.924043, 0.955561, 0.922267, 0.968213, 0.886988, 0.911201, 0.928725, 3.54603, 1.88509, 4.02376, 3.48415, 0.662634, 3.06101, 2.95818, 3.18619, 1.30272, 2.11784, 1.5605, 4.56862, 3.85249, 4.40662, 4.71849, 3.56508, 4.07993, 4.32025, 5.94472, 3.48129, 5.44876, 4.39179, 0.0151375, 0.429743, 0.425568, 0.479841, 0.448948, 0.366201, 0.416956, 0.413207, 0.49678, 0.439188, 0.511739, 0.6455, 0.534448, 0.536415, 0.459609, 0.429059, 0.453491, 0.457788, 0.515386, 0.46719, 0.458224, 0.543974, 0.643144, 0.0898871, 0.579342, 0.0458252, 1.81828, 1.94302, 0.0214671, 0.0295974, 0.0330506, 0.26553, 0.06136, 0.0227495, 0.0354293, 0.342416, 0.0924284, 0.0430532, 0.0283639, 0.044156 ]
}
