
{
  "stepsize" : 0.00180873,
  "metric_type" : "diag_e",
  "inv_metric" : [ 0.997738, 0.452533, 0.410021, 0.329968, 0.389144, 0.373909, 0.33601, 0.381894, 0.412482, 0.377851, 0.459177, 0.464806, 0.564736, 0.634963, 0.595029, 0.597064, 0.596373, 0.654984, 0.985695, 0.771112, 0.651095, 0.387233, 0.76658, 0.790938, 0.634423, 0.588959, 0.585037, 0.533759, 0.57848, 0.700324, 0.653036, 0.742267, 0.749347, 0.799259, 0.709924, 0.979371, 0.932626, 0.381009, 0.411889, 0.345214, 0.438129, 0.40437, 0.335278, 0.357448, 0.347744, 0.298599, 0.28448, 0.31176, 0.318306, 0.399172, 0.403837, 0.408297, 0.43114, 0.505764, 1.02069, 0.291121, 0.225365, 0.173277, 0.177672, 0.186377, 0.222504, 0.288904, 0.2475, 0.273692, 0.305931, 0.302391, 0.443339, 0.54583, 0.734029, 0.622018, 0.659172, 0.711221, 0.964546, 0.87691, 0.715242, 0.751779, 0.625511, 0.547111, 0.67693, 0.721708, 0.716618, 0.770475, 0.929719, 0.910346, 0.980854, 1.02962, 1.01409, 0.804472, 0.814831, 0.891545, 0.967766, 0.525191, 0.388738, 0.453566, 0.502388, 0.481933, 1.13573, 0.763435, 0.803227, 0.670731, 0.649284, 0.722524, 0.873059, 0.885429, 1.01176, 1.01176, 0.870535, 1.01325, 0.82515, 0.461158, 0.414055, 0.28024, 0.174482, 0.186674, 0.201263, 0.225683, 0.244114, 0.20318, 0.259579, 0.26328, 0.271058, 0.318501, 0.324421, 0.392816, 0.37362, 0.40313, 1.02129, 0.945427, 1.12053, 0.550864, 0.552764, 0.453144, 0.458282, 0.398585, 0.321103, 0.408519, 0.472387, 0.397764, 0.363261, 0.525695, 0.536942, 0.487427, 0.59673, 0.625519, 1.09726, 0.924441, 0.865868, 0.572289, 0.778229, 0.618969, 0.729736, 0.802152, 0.538709, 0.646896, 0.766668, 0.726108, 0.687569, 0.579475, 0.606867, 0.698344, 0.707365, 0.688248, 0.934804, 1.06237, 0.614224, 0.723771, 0.585345, 0.620511, 0.688431, 0.849956, 0.681388, 0.595299, 0.737292, 0.669682, 1.00555, 1.13752, 1.0226, 0.980716, 0.845087, 1.001, 1.0268, 0.969935, 0.751269, 0.65516, 0.758928, 0.76139, 0.752625, 0.834281, 0.791016, 0.750488, 0.732236, 0.835244, 0.75846, 0.805248, 0.800669, 0.670768, 0.778599, 0.944035, 0.943432, 0.862689, 0.895819, 0.780331, 0.782648, 0.834221, 0.918107, 0.906004, 0.899248, 0.761894, 0.474178, 0.468493, 0.482679, 0.54514, 0.587516, 0.623125, 0.643061, 1.03072, 1.02679, 0.906678, 0.71905, 0.688861, 0.786968, 0.887308, 0.973757, 0.970464, 0.926884, 0.936603, 0.898187, 0.819772, 0.681135, 0.61273, 0.621517, 0.723595, 0.692974, 0.96533, 1.0956, 0.886042, 0.93388, 1.04864, 1.02536, 0.93178, 0.998989, 1.14919, 1.00508, 1.0991, 1.0196, 1.03546, 0.926644, 0.933018, 0.990045, 1.04847, 1.04726, 1.04549, 0.942696, 1.1138, 0.87228, 1.00659, 0.986393, 0.823412, 0.867435, 0.998186, 1.04437, 1.09145, 1.02353, 0.87747, 0.750024, 0.829315, 0.69733, 0.596424, 0.772038, 0.895464, 0.993112, 0.749004, 1.03125, 0.950757, 0.819103, 0.818033, 0.843464, 0.771136, 0.748705, 0.663128, 0.596661, 0.766448, 0.621231, 0.572518, 0.503869, 0.60709, 0.511848, 0.999493, 0.857644, 0.859527, 1.02199, 1.05697, 0.98066, 1.05309, 1.0275, 0.256513, 0.44463, 0.410329, 0.499179, 0.738392, 0.740887, 0.609534, 0.486633, 0.68541, 0.530494, 1.01868, 1.01655, 1.11165, 0.86913, 1.16279, 1.03535, 1.13296, 0.903822, 1.01986, 0.961069, 0.78668, 1.03762, 1.01242, 1.09391, 0.946246, 0.97665, 0.776794, 0.790642, 0.99455, 1.0272, 0.823545, 0.704665, 0.715265, 0.596162, 0.795896, 0.940816, 1.02298, 1.04149, 1.12185, 1.05944, 0.867226, 0.839255, 0.932235, 0.772379, 0.621284, 0.92907, 1.06326, 0.892639, 0.964696, 0.819782, 0.873095, 0.988929, 0.618773, 0.624574, 0.451996, 0.580045, 0.601397, 0.68069, 0.885178, 0.689359, 0.798595, 0.757622, 0.97231, 0.762082, 1.05487, 1.04316, 0.533259, 0.9596, 0.884294, 0.905739, 0.889185, 1.01891, 1.02228, 0.517268, 0.535277, 0.412647, 0.50103, 0.584302, 0.786787, 0.888568, 0.803667, 0.757268, 1.04767, 0.831256, 0.660399, 0.659945, 0.92354, 0.958591, 0.874794, 0.618218, 0.837807, 0.861968, 1.04217, 0.99981, 0.820931, 0.842833, 0.91736, 0.515706, 0.413054, 0.530777, 1.02831, 0.974055, 0.868529, 0.757718, 0.77022, 0.72157, 0.760421, 0.658421, 0.69011, 0.68692, 0.708838, 0.70618, 0.6884, 0.879885, 0.699739, 0.54958, 0.758026, 0.882261, 0.956403, 1.02927, 0.879621, 0.579915, 0.894244, 0.792561, 0.821014, 0.696227, 0.892908, 0.797746, 0.643268, 0.859169, 0.81722, 0.742715, 0.686862, 0.8098, 0.713025, 0.822795, 1.19964, 1.04135, 0.969943, 0.915378, 0.917506, 1.00152, 1.00157, 0.975189, 1.09443, 1.05129, 1.01608, 0.955631, 1.03744, 1.00784, 1.02046, 0.984789, 0.948197, 0.861027, 1.00051, 1.03145, 0.909374, 0.88169, 1.06844, 0.850579, 1.07642, 1.13574, 0.975007, 1.04556, 0.942381, 0.698998, 0.822462, 0.62348, 0.62876, 0.55078, 0.75985, 0.922099, 1.07097, 1.01689, 0.900412, 0.552416, 0.805999, 0.690824, 0.72723, 0.593326, 0.65643, 0.616399, 0.532253, 0.620176, 0.534991, 0.613957, 0.513814, 0.532715, 0.575682, 0.840432, 0.986879, 0.973613, 0.255071, 0.233755, 0.224545, 0.204329, 0.0642098, 0.498653, 0.580281, 0.402749, 0.501742, 0.505697, 0.803755, 0.836888, 0.667627, 0.9393, 0.678539, 0.873524, 1.09415, 0.995534, 0.832541, 0.985572, 1.00011, 0.901896, 0.872407, 0.958878, 0.962095, 1.05042, 1.05106, 1.01914, 0.87785, 0.873005, 0.926022, 0.805825, 0.88247, 0.946629, 0.949105, 0.963517, 0.936782, 0.641146, 0.710657, 1.02895, 0.995891, 1.03852, 0.90734, 0.950793, 1.03017, 0.835882, 0.864929, 0.787862, 0.717744, 0.749829, 0.868522, 0.805697, 1.00143, 1.00571, 0.851248, 0.811739, 0.759176, 0.864797, 0.780656, 0.494744, 0.540263, 0.485902, 0.730136, 0.768477, 0.617334, 0.70283, 0.781005, 0.6075, 0.649402, 0.701018, 0.877413, 1.06327, 1.15043, 0.287927, 0.254895, 0.272762, 0.275639, 0.348202, 0.537886, 0.764683, 0.661325, 0.615421, 0.66929, 0.432625, 0.361427, 0.586266, 0.628232, 0.882529, 0.934337, 1.05572, 0.993488, 0.266556, 0.221929, 0.475533, 0.732723, 0.722053, 0.534196, 0.517081, 0.64378, 0.819795, 0.73123, 0.848117, 0.653172, 0.656823, 0.707194, 0.685322, 0.928205, 3.00479, 1.51483, 4.76044, 4.25174, 0.731652, 4.33102, 4.32387, 0.601981, 0.367234, 0.549711, 0.939416, 3.78176, 4.00135, 5.16242, 4.9022, 3.49914, 0.0412755, 4.40794, 6.06366, 3.11713, 3.62838, 4.29969, 0.0170128, 0.465997, 0.458781, 0.419884, 0.430958, 0.381842, 0.488282, 0.461268, 0.520462, 0.494049, 0.569611, 0.648547, 0.435964, 0.465627, 0.497643, 0.454853, 0.339356, 0.65823, 0.428098, 0.529296, 0.415308, 0.747002, 0.473281, 0.0773558, 0.69194, 0.087847, 2.09474, 1.81054, 0.0147807, 0.0235747, 0.0255143, 0.231262, 0.0400867, 0.0236423, 0.0128375, 0.269016, 0.0597774, 0.0246088, 0.0215083, 0.0275365 ]
}
