
{
  "stepsize" : 0.00113238,
  "metric_type" : "diag_e",
  "inv_metric" : [ 0.921316, 1.02311, 0.301399, 0.314502, 0.298204, 0.405746, 0.408569, 0.853273, 0.523718, 0.877119, 0.857973, 0.698168, 0.714458, 0.510097, 0.49945, 0.473202, 0.61066, 0.641739, 0.908288, 0.956239, 0.408675, 0.371744, 0.350666, 0.439363, 0.402966, 0.591565, 0.473961, 0.768502, 0.858648, 0.594824, 0.797738, 0.747254, 0.936388, 0.600657, 0.829835, 0.677375, 1.01206, 0.77049, 0.211855, 0.256014, 0.269316, 0.264845, 0.217356, 0.344925, 0.267593, 0.401605, 0.504804, 0.60307, 0.824158, 0.786888, 0.567904, 0.499673, 0.409726, 0.346381, 1.10023, 1.04148, 0.467281, 0.376448, 0.639752, 0.306735, 0.701861, 0.598203, 0.620524, 0.482929, 0.573902, 0.636538, 0.879599, 0.776845, 0.682001, 0.590702, 0.531146, 0.98284, 1.05407, 0.535507, 0.581815, 0.48281, 0.666367, 0.619888, 0.596527, 0.585468, 0.456896, 0.462058, 0.423636, 0.409682, 0.469157, 0.508806, 0.46981, 0.455313, 0.497878, 0.961078, 0.988576, 0.58468, 0.604759, 0.513807, 0.512896, 0.632465, 0.666858, 0.706136, 0.55109, 0.508497, 0.510493, 0.414784, 0.458605, 0.397616, 0.44192, 0.358571, 0.458861, 0.991109, 1.03974, 0.898492, 0.740621, 0.803191, 0.936638, 0.858951, 1.00529, 0.799972, 1.05007, 0.903376, 0.721135, 0.616427, 0.541549, 0.560334, 0.440805, 0.516872, 0.49067, 1.01139, 0.947039, 0.572202, 0.530017, 0.641682, 0.532502, 0.687565, 1.05769, 0.82748, 0.74152, 0.577152, 0.561146, 0.594219, 0.504756, 0.556394, 0.494275, 0.567253, 0.506174, 0.963666, 0.160253, 0.721695, 2.70475, 0.106874, 0.285599, 0.36465, 0.407108, 0.378694, 0.807469, 0.377208, 0.573355, 0.476609, 1.52535, 0.0731361, 0.0100951, 0.0150271, 0.0277487, 0.0127918 ]
}
