
{
  "stepsize" : 0.000871158,
  "metric_type" : "diag_e",
  "inv_metric" : [ 0.969693, 0.856443, 0.212398, 0.22184, 0.242128, 0.268797, 0.297213, 0.419873, 0.312839, 0.576066, 0.615409, 0.568569, 0.593727, 0.404333, 0.39409, 0.387066, 0.453121, 0.454854, 1.21056, 0.821083, 0.184465, 0.266074, 0.290446, 0.228117, 0.249566, 0.321714, 0.244101, 0.439377, 0.543999, 0.353925, 0.564221, 0.461734, 0.588772, 0.377739, 0.653636, 0.468445, 0.916085, 0.509404, 0.173561, 0.23675, 0.212863, 0.179295, 0.193265, 0.274593, 0.225837, 0.300638, 0.337499, 0.308658, 0.410811, 0.383849, 0.487912, 0.469386, 0.423117, 0.260128, 0.866574, 1.25498, 0.535194, 0.370486, 0.366572, 0.222392, 0.373694, 0.248709, 0.250519, 0.330384, 0.453556, 0.504998, 0.538012, 0.474717, 0.545087, 0.365485, 0.331392, 0.537313, 1.09586, 1.00639, 0.711686, 0.693006, 0.783602, 0.668466, 0.813619, 0.771337, 0.857829, 0.73081, 0.796981, 0.714742, 0.586672, 0.528384, 0.553851, 0.622241, 0.761072, 0.948501, 1.3204, 0.652646, 0.70256, 0.668329, 0.667218, 0.98051, 0.908105, 0.84292, 0.993576, 0.901929, 0.82778, 0.720664, 0.591181, 0.737895, 0.589416, 0.686011, 0.721924, 0.917363, 1.08157, 0.915038, 1.11406, 0.948489, 0.850094, 0.894729, 1.16064, 0.979916, 0.961114, 0.941021, 0.887792, 0.997727, 0.969003, 0.735292, 0.782734, 0.78142, 0.696359, 0.986012, 0.918931, 0.649201, 0.718084, 0.737035, 0.738586, 0.906433, 1.07798, 1.00207, 0.807266, 0.928774, 1.16732, 1.22603, 0.760377, 0.823464, 0.690366, 0.654966, 0.879571, 1.11744, 2.07516, 0.6696, 3.92324, 0.449639, 0.378937, 0.395616, 0.436976, 0.427954, 0.497794, 0.340955, 0.694193, 0.419223, 2.31525, 0.200282, 0.0588974, 0.0435479, 0.730559, 0.0797114 ]
}
