
{
  "stepsize" : 0.000511577,
  "metric_type" : "diag_e",
  "inv_metric" : [ 1.88135, 0.64063, 3.56326, 1.31884, 0.0848389, 1.00571, 0.536546, 0.757047, 1.78466, 1.80215, 0.911078, 0.256192, 1.01765, 0.785654, 0.934105, 0.397406, 8.89954, 1.15055, 1.1748, 1.8139, 2.77298, 1.00189, 0.217341, 0.362366, 1.052, 1.09606, 0.890804, 1.1644, 1.08414, 3.16117, 1.85384, 0.228611, 1.71397, 0.0970788, 0.836405, 0.129403, 0.544732, 2.76435, 0.848585, 0.242048, 0.443218, 0.146882, 0.183582, 3.08017, 0.268162, 0.43179, 1.46067, 1.46788, 1.3318, 1.34296, 0.8789, 1.47418, 1.65952, 4.24859, 1.71559, 2.00647, 0.515761, 0.088628, 0.601142, 0.604835, 2.16094, 0.221602, 1.48515, 0.140767, 0.313955, 4.61822, 0.896257, 0.515692, 1.99751, 0.749811, 0.705915, 3.06846, 1.54813, 0.459285, 1.73199, 0.631995, 1.28816, 0.721454, 1.22435, 0.745719, 0.295945, 0.579587, 0.459382, 0.467763, 2.03968, 1.02517, 5.2501, 2.07446, 0.630995, 7.07663, 6.87709, 0.966208, 0.725923, 1.94128, 0.77509, 0.946425, 0.271275, 0.300169, 1.9466, 0.363737, 2.18324, 2.2462, 0.439222, 1.4436, 0.527783, 0.446017, 0.330582, 0.785339, 0.324532, 0.93411, 1.84579, 2.24947, 1.53166, 0.768981, 0.279574, 1.25465, 2.80614, 1.93224, 2.26337, 0.431202, 0.84639, 0.226435, 1.80497, 0.492372, 0.606775, 1.09585, 1.12458, 4.74991, 0.850009, 2.27528, 3.69468, 0.584885, 0.233792, 1.06356, 0.487911, 1.46986, 0.458593, 0.279892, 0.335168, 0.381103, 1.67769, 1.58048, 0.250646, 0.629002, 0.624805, 0.227511, 4.67119, 0.761885, 0.197651, 0.727506, 0.0751819, 0.32239, 0.218528, 0.0997027, 0.166706, 3.99482, 0.294969, 0.0287429, 0.039036, 0.0957799, 0.0604213, 0.0198508 ]
}
