
{
  "stepsize" : 0.00108372,
  "metric_type" : "diag_e",
  "inv_metric" : [ 0.953189, 1.10892, 0.282739, 0.30968, 0.337784, 0.341187, 0.350629, 0.716893, 0.553427, 0.955535, 0.853988, 0.613368, 0.618088, 0.452261, 0.464809, 0.498017, 0.566307, 0.570177, 0.88345, 0.925693, 0.361833, 0.356523, 0.320853, 0.415362, 0.355427, 0.513508, 0.417626, 0.728734, 0.874264, 0.546459, 0.83859, 0.643067, 0.798637, 0.523396, 0.786578, 0.675226, 0.85602, 0.737112, 0.206925, 0.25848, 0.231399, 0.240152, 0.207572, 0.285601, 0.256053, 0.370357, 0.516546, 0.478606, 0.777068, 0.667182, 0.526876, 0.481827, 0.393318, 0.377478, 1.00816, 0.987483, 0.410738, 0.383709, 0.59635, 0.326064, 0.699417, 0.487007, 0.544756, 0.445497, 0.620914, 0.780034, 0.918872, 0.850328, 0.597408, 0.550725, 0.465462, 1.06977, 0.924852, 0.638228, 0.617981, 0.568833, 0.571479, 0.558013, 0.692924, 0.615233, 0.550109, 0.501088, 0.510958, 0.45749, 0.473817, 0.505416, 0.531949, 0.526182, 0.47146, 0.866501, 0.959298, 0.609483, 0.623645, 0.585932, 0.547602, 0.624007, 0.761788, 0.63647, 0.613591, 0.608184, 0.522965, 0.506101, 0.404055, 0.417812, 0.500618, 0.394385, 0.499642, 0.940833, 0.97482, 0.892326, 0.774859, 0.821193, 0.89636, 0.817243, 1.04425, 0.849328, 0.941143, 0.996572, 0.729169, 0.71558, 0.590832, 0.606561, 0.52283, 0.544872, 0.583041, 0.945961, 0.882882, 0.560316, 0.513579, 0.671227, 0.619487, 0.820765, 1.03128, 0.969172, 0.653074, 0.713665, 0.866048, 0.681882, 0.592535, 0.528695, 0.555494, 0.588942, 0.749849, 1.02362, 1.32235, 0.1664, 2.17692, 0.953877, 0.366879, 0.365866, 0.441096, 0.42486, 0.807633, 0.406703, 0.643737, 0.53148, 1.91589, 0.0693352, 0.00999781, 0.0151531, 0.0291506, 0.0136353 ]
}
