
{
  "stepsize" : 0.00140722,
  "metric_type" : "diag_e",
  "inv_metric" : [ 1.02639, 1.0343, 0.281083, 0.30136, 0.340378, 0.338958, 0.426905, 0.732241, 0.533147, 0.865197, 0.947364, 0.831375, 0.709194, 0.522127, 0.454316, 0.547352, 0.514146, 0.6275, 0.948001, 0.879707, 0.407602, 0.310941, 0.320368, 0.462297, 0.389824, 0.574491, 0.502179, 0.76867, 0.837564, 0.535678, 0.71758, 0.733035, 0.905019, 0.57653, 0.752752, 0.733586, 1.04666, 0.77826, 0.22821, 0.247329, 0.238983, 0.249838, 0.240326, 0.308611, 0.256588, 0.39212, 0.536841, 0.52474, 0.783132, 0.832243, 0.570483, 0.465392, 0.347659, 0.345327, 0.955476, 1.11618, 0.434356, 0.381818, 0.54173, 0.276534, 0.688054, 0.485949, 0.578314, 0.469805, 0.613096, 0.742242, 0.881035, 0.748984, 0.751172, 0.514294, 0.440807, 1.05344, 0.912506, 0.637275, 0.59418, 0.637647, 0.584308, 0.626732, 0.65417, 0.603001, 0.448495, 0.537387, 0.538581, 0.498851, 0.513845, 0.527139, 0.469525, 0.473219, 0.485095, 1.07749, 0.939623, 0.622173, 0.567162, 0.504941, 0.60626, 0.651534, 0.769809, 0.651442, 0.609753, 0.578379, 0.43634, 0.441874, 0.411725, 0.433444, 0.465818, 0.362166, 0.528641, 1.07551, 1.06461, 0.885725, 0.775911, 0.786866, 0.931515, 0.895254, 0.995656, 0.945024, 0.897477, 0.967816, 0.744859, 0.716569, 0.637227, 0.543725, 0.570319, 0.492741, 0.491128, 0.946411, 0.898462, 0.567988, 0.523612, 0.602025, 0.57024, 0.815467, 0.900113, 0.858364, 0.768429, 0.662048, 0.642645, 0.609415, 0.533216, 0.525836, 0.509039, 0.494184, 0.618133, 0.94868, 0.231697, 0.136423, 2.74195, 2.49698, 0.306881, 0.351461, 0.377184, 0.423179, 0.702398, 0.388611, 0.710645, 0.486397, 1.57735, 0.0861825, 0.0103745, 0.0146026, 0.028309, 0.0129046 ]
}
