
{
  "stepsize" : 0.00068566,
  "metric_type" : "diag_e",
  "inv_metric" : [ 0.847301, 0.832326, 0.224288, 0.252274, 0.26309, 0.291884, 0.294031, 0.454406, 0.403968, 0.716469, 0.733012, 0.613707, 0.62819, 0.47977, 0.430358, 0.447385, 0.477894, 0.531443, 0.971496, 0.970088, 0.252681, 0.194145, 0.240469, 0.26424, 0.287914, 0.333805, 0.321965, 0.519952, 0.644787, 0.462778, 0.565361, 0.595897, 0.578348, 0.399353, 0.70823, 0.523282, 0.888233, 0.407257, 0.181245, 0.217772, 0.215361, 0.203013, 0.195447, 0.210781, 0.188893, 0.25241, 0.300622, 0.284089, 0.413883, 0.46897, 0.446634, 0.425292, 0.338316, 0.28622, 1.02849, 1.17625, 0.425955, 0.310988, 0.412865, 0.257314, 0.531614, 0.316619, 0.290547, 0.330917, 0.476633, 0.549363, 0.800114, 0.516318, 0.452743, 0.383232, 0.385371, 0.675502, 1.11567, 0.726342, 0.70454, 0.684306, 0.745011, 0.73466, 0.817262, 0.818028, 0.734809, 0.605668, 0.617457, 0.656557, 0.649732, 0.62903, 0.543715, 0.617654, 0.721594, 0.997592, 1.07287, 0.767451, 0.654462, 0.754698, 0.578014, 0.7476, 0.807846, 0.84619, 0.819867, 0.827624, 0.834922, 0.596717, 0.646806, 0.590175, 0.581035, 0.564673, 0.678976, 1.05853, 0.992077, 0.929834, 0.914756, 0.839756, 0.917871, 0.88716, 0.862928, 0.889044, 0.900597, 0.986574, 1.01837, 1.04121, 0.842874, 0.647102, 0.779861, 0.653965, 0.72679, 1.06214, 0.848435, 0.82663, 0.684573, 0.874459, 0.775124, 0.907165, 1.03534, 0.900874, 0.824546, 1.12925, 0.995246, 1.12015, 0.788465, 0.679583, 0.605468, 0.67313, 0.984747, 0.907732, 0.886836, 0.32375, 5.07322, 0.192371, 0.304275, 0.416985, 0.348531, 0.449593, 0.7141, 0.296872, 0.586876, 0.475286, 2.8708, 0.107633, 0.0279176, 0.0154419, 0.252611, 0.0287013 ]
}
