
{
  "stepsize" : 0.000781035,
  "metric_type" : "diag_e",
  "inv_metric" : [ 1.02837, 1.06583, 0.308537, 0.313737, 0.310789, 0.300563, 0.39621, 0.772772, 0.516651, 0.852422, 0.824343, 0.702603, 0.596652, 0.518232, 0.484463, 0.421686, 0.57252, 0.655312, 0.914152, 0.988111, 0.43383, 0.326907, 0.30945, 0.437409, 0.417981, 0.53538, 0.530425, 0.689536, 0.878037, 0.516515, 0.771897, 0.796181, 0.821741, 0.518529, 0.840851, 0.589738, 0.92101, 0.734138, 0.211617, 0.258681, 0.258602, 0.265102, 0.235299, 0.288542, 0.270778, 0.378071, 0.509841, 0.528726, 0.783582, 0.765663, 0.565106, 0.485254, 0.393163, 0.352858, 1.00106, 1.05096, 0.410461, 0.341567, 0.60798, 0.330727, 0.632871, 0.503149, 0.526254, 0.432591, 0.595162, 0.757233, 0.837956, 0.704717, 0.589218, 0.503323, 0.472028, 1.04026, 0.981627, 0.686692, 0.600567, 0.532777, 0.592538, 0.581703, 0.686011, 0.561998, 0.447618, 0.44124, 0.509351, 0.495465, 0.508657, 0.526334, 0.494526, 0.501949, 0.557135, 1.03384, 0.979864, 0.681362, 0.507027, 0.562225, 0.563318, 0.669901, 0.791725, 0.75273, 0.623035, 0.592893, 0.442634, 0.462112, 0.43962, 0.402738, 0.43694, 0.421408, 0.448892, 1.0004, 1.0161, 0.883184, 0.696745, 0.913822, 0.850008, 0.849416, 1.07409, 0.839354, 0.895249, 0.999465, 0.730032, 0.722135, 0.695426, 0.588117, 0.492578, 0.524872, 0.517925, 1.05553, 1.00813, 0.622878, 0.473494, 0.683367, 0.578109, 0.70805, 0.932893, 0.818571, 0.662451, 0.713177, 0.709178, 0.618471, 0.514912, 0.503484, 0.505744, 0.583363, 0.65294, 1.04874, 0.542001, 0.747875, 3.01906, 4.13437, 0.340295, 0.378182, 0.343071, 0.373118, 0.685609, 0.431803, 0.61791, 0.549729, 1.93464, 0.101367, 0.00970994, 0.0142487, 0.032515, 0.0123886 ]
}
