
{
  "stepsize" : 0.00167756,
  "metric_type" : "diag_e",
  "inv_metric" : [ 0.935443, 1.09148, 0.279543, 0.313148, 0.301614, 0.388315, 0.415999, 0.770739, 0.531831, 0.870351, 0.906233, 0.676988, 0.617629, 0.487784, 0.422546, 0.509459, 0.618667, 0.604405, 1.10353, 1.02459, 0.396085, 0.283243, 0.266204, 0.398008, 0.337444, 0.597676, 0.437384, 0.717568, 0.888088, 0.556084, 0.719748, 0.714872, 0.811335, 0.5262, 0.852244, 0.645143, 0.944494, 0.740164, 0.210269, 0.251423, 0.227672, 0.226697, 0.204888, 0.279812, 0.257059, 0.383709, 0.481267, 0.534859, 0.784193, 0.717234, 0.550288, 0.441144, 0.393316, 0.398906, 0.899942, 1.10892, 0.43019, 0.395895, 0.599139, 0.299238, 0.570657, 0.473967, 0.590444, 0.528235, 0.624492, 0.784949, 0.964262, 0.698614, 0.646058, 0.492579, 0.427427, 0.944567, 1.03984, 0.681444, 0.624972, 0.562077, 0.653111, 0.595911, 0.691929, 0.604274, 0.583199, 0.537064, 0.525073, 0.467288, 0.563758, 0.444386, 0.603506, 0.545243, 0.532328, 1.03077, 1.09229, 0.665907, 0.512532, 0.498351, 0.569919, 0.714837, 0.869667, 0.644743, 0.648516, 0.599985, 0.54359, 0.538985, 0.431199, 0.365613, 0.511423, 0.471083, 0.47651, 1.05856, 1.12362, 0.854402, 0.853738, 0.740761, 0.880027, 0.823995, 0.93431, 0.939079, 1.10964, 0.950686, 0.832723, 0.661242, 0.670762, 0.631848, 0.531541, 0.490166, 0.612391, 1.08714, 1.01971, 0.550111, 0.581183, 0.670511, 0.635479, 0.680364, 0.962708, 0.870266, 0.825145, 0.751382, 0.693103, 0.787196, 0.604195, 0.559269, 0.588876, 0.603977, 0.667461, 0.97152, 0.186992, 0.174145, 2.56651, 0.11844, 0.336192, 0.367059, 0.403599, 0.446284, 0.660925, 0.40444, 0.694937, 0.538411, 2.17911, 0.0803882, 0.0111184, 0.0131089, 0.0290183, 0.0125317 ]
}
