
{
  "stepsize" : 0.00110128,
  "metric_type" : "diag_e",
  "inv_metric" : [ 0.91682, 0.998929, 0.285374, 0.289327, 0.291566, 0.279606, 0.37072, 0.721414, 0.486546, 0.860531, 0.816716, 0.654389, 0.664915, 0.484119, 0.461027, 0.482028, 0.532184, 0.642022, 0.93567, 1.04355, 0.408785, 0.329204, 0.323426, 0.419172, 0.37307, 0.633703, 0.431871, 0.698509, 0.762703, 0.543751, 0.827823, 0.786251, 0.859007, 0.578669, 0.801958, 0.579647, 0.946859, 0.690589, 0.205808, 0.261353, 0.273001, 0.240485, 0.226026, 0.28326, 0.270765, 0.401093, 0.539703, 0.524012, 0.828559, 0.759156, 0.584459, 0.498696, 0.377793, 0.394219, 1.06661, 1.03681, 0.441527, 0.328981, 0.544184, 0.315653, 0.646477, 0.481883, 0.54461, 0.419481, 0.652576, 0.789502, 0.975186, 0.691976, 0.612656, 0.520698, 0.429293, 0.957254, 1.03079, 0.751688, 0.56668, 0.57438, 0.581389, 0.594911, 0.612041, 0.588269, 0.47738, 0.509869, 0.471331, 0.47964, 0.508123, 0.510498, 0.522709, 0.498104, 0.513918, 1.20918, 0.93577, 0.614883, 0.565628, 0.5299, 0.547047, 0.666202, 0.800361, 0.714688, 0.651615, 0.600277, 0.568761, 0.399857, 0.438208, 0.365945, 0.47222, 0.407708, 0.47116, 1.06877, 0.927156, 0.843246, 0.79031, 0.866674, 0.83243, 0.869223, 1.04413, 0.938811, 0.972352, 1.01107, 0.72502, 0.630369, 0.671014, 0.551223, 0.602712, 0.562489, 0.668548, 1.03909, 1.14019, 0.681337, 0.466102, 0.644619, 0.591241, 0.758878, 1.03591, 0.853711, 0.656271, 0.659822, 0.697818, 0.717825, 0.523563, 0.517093, 0.525207, 0.514411, 0.586348, 1.10171, 0.145592, 0.303725, 2.96808, 2.93944, 0.295695, 0.362542, 0.377313, 0.413473, 0.72484, 0.407548, 0.667657, 0.512931, 1.77872, 0.0890044, 0.0103242, 0.0136748, 0.0314964, 0.0131069 ]
}
