
{
  "stepsize" : 0.00161328,
  "metric_type" : "diag_e",
  "inv_metric" : [ 0.953876, 1.02449, 0.272937, 0.29473, 0.312227, 0.347808, 0.427314, 0.742024, 0.476515, 0.917504, 0.761676, 0.71737, 0.732976, 0.511866, 0.44642, 0.514024, 0.58409, 0.632311, 0.99904, 1.10647, 0.418008, 0.358613, 0.3256, 0.445267, 0.429508, 0.517943, 0.515948, 0.726843, 0.982066, 0.594676, 0.769213, 0.795003, 0.768098, 0.617379, 0.823061, 0.656996, 0.821015, 0.778602, 0.207933, 0.270594, 0.265082, 0.26835, 0.243322, 0.29048, 0.255095, 0.371598, 0.556701, 0.543373, 0.781927, 0.763484, 0.553292, 0.476345, 0.391797, 0.379122, 1.11329, 1.1898, 0.449436, 0.367125, 0.575109, 0.300862, 0.620319, 0.462911, 0.604202, 0.472818, 0.600258, 0.722281, 0.898859, 0.718513, 0.710359, 0.555657, 0.484494, 0.858171, 1.09754, 0.65739, 0.632976, 0.663847, 0.599968, 0.682655, 0.644508, 0.582636, 0.517992, 0.454027, 0.52793, 0.628076, 0.540703, 0.542863, 0.48141, 0.565517, 0.558078, 0.910255, 1.05075, 0.63216, 0.565971, 0.54716, 0.522401, 0.682533, 0.725965, 0.730536, 0.628729, 0.693113, 0.52116, 0.424073, 0.463659, 0.428521, 0.505081, 0.391409, 0.52581, 1.03547, 1.08598, 0.792634, 0.767993, 0.855375, 0.981293, 0.916877, 1.05918, 0.88928, 0.88693, 1.04144, 0.771859, 0.65098, 0.707451, 0.566036, 0.531144, 0.646706, 0.58051, 1.06839, 0.919763, 0.727437, 0.525676, 0.673849, 0.588387, 0.69113, 0.984883, 0.884647, 0.718699, 0.792669, 0.768543, 0.763625, 0.512452, 0.544718, 0.54475, 0.575224, 0.594024, 1.04922, 0.170295, 0.48638, 2.66073, 4.53009, 0.421162, 0.37428, 0.38615, 0.450073, 0.726147, 0.36304, 0.760009, 0.640469, 2.25554, 0.0769835, 0.0089096, 0.01556, 0.0257004, 0.0142215 ]
}
