
{
  "stepsize" : 0.0016762,
  "metric_type" : "diag_e",
  "inv_metric" : [ 1.12349, 1.02505, 0.301773, 0.321012, 0.312598, 0.361966, 0.382773, 0.654028, 0.524279, 0.904488, 0.767619, 0.643803, 0.668189, 0.536174, 0.467574, 0.536684, 0.571844, 0.682047, 0.969949, 0.861967, 0.40615, 0.319706, 0.30582, 0.401105, 0.366529, 0.522317, 0.423707, 0.71076, 0.848226, 0.527939, 0.75231, 0.809522, 0.86776, 0.562507, 0.87842, 0.564013, 0.983538, 0.682984, 0.184557, 0.241962, 0.23148, 0.234098, 0.228596, 0.294618, 0.252797, 0.379916, 0.495256, 0.523452, 0.761807, 0.65267, 0.600286, 0.429942, 0.388938, 0.396834, 1.02079, 1.10452, 0.403418, 0.360283, 0.642985, 0.323899, 0.68056, 0.497778, 0.527163, 0.454035, 0.592207, 0.803876, 0.936669, 0.708363, 0.660693, 0.521947, 0.399518, 0.897049, 0.907923, 0.595863, 0.584484, 0.621694, 0.608362, 0.617671, 0.522486, 0.689045, 0.534025, 0.552478, 0.472603, 0.473994, 0.576792, 0.490612, 0.474001, 0.500478, 0.597872, 0.925718, 1.02512, 0.695602, 0.532684, 0.52003, 0.583353, 0.573807, 0.791544, 0.646591, 0.700835, 0.5553, 0.515976, 0.456144, 0.466177, 0.383402, 0.470925, 0.442898, 0.475195, 1.01818, 1.16319, 0.769631, 0.801678, 0.778673, 0.860346, 0.851743, 0.888759, 0.911985, 0.9456, 1.06814, 0.720825, 0.657613, 0.554138, 0.656743, 0.51019, 0.556397, 0.627807, 1.04244, 1.09531, 0.535125, 0.540295, 0.657479, 0.572003, 0.801031, 1.03697, 0.992631, 0.660679, 0.70901, 0.705267, 0.740863, 0.567862, 0.520306, 0.592525, 0.526091, 0.608025, 1.09233, 0.134956, 0.158631, 2.94718, 0.117372, 0.391228, 0.412962, 0.344995, 0.389447, 0.743434, 0.40725, 0.683572, 0.611342, 2.4299, 0.0858343, 0.0108835, 0.0138173, 0.0249832, 0.0138437 ]
}
