
{
  "stepsize" : 0.00170178,
  "metric_type" : "diag_e",
  "inv_metric" : [ 1.02455, 1.0866, 0.312909, 0.325236, 0.301662, 0.301833, 0.402568, 0.735123, 0.534538, 0.917335, 0.873398, 0.685281, 0.679245, 0.507611, 0.479969, 0.436735, 0.570092, 0.605251, 1.04298, 1.05941, 0.405025, 0.325234, 0.313427, 0.453826, 0.363618, 0.592861, 0.461182, 0.7893, 0.83774, 0.583482, 0.787959, 0.83585, 0.983671, 0.524124, 0.950639, 0.661074, 0.830633, 0.795619, 0.23283, 0.300903, 0.282222, 0.242729, 0.223464, 0.303315, 0.26224, 0.389116, 0.510325, 0.551529, 0.78196, 0.723154, 0.60065, 0.478948, 0.392791, 0.403817, 0.929461, 1.21398, 0.375923, 0.357364, 0.597222, 0.308338, 0.661065, 0.484662, 0.586087, 0.460007, 0.638129, 0.750357, 0.906684, 0.702892, 0.62548, 0.530077, 0.427496, 1.01141, 1.01841, 0.650965, 0.710598, 0.605378, 0.571207, 0.656524, 0.573881, 0.689876, 0.552795, 0.546175, 0.448469, 0.388117, 0.498608, 0.542772, 0.491876, 0.467373, 0.460916, 1.19308, 1.08071, 0.64705, 0.549591, 0.474426, 0.617125, 0.638506, 0.791334, 0.716981, 0.617227, 0.601907, 0.582304, 0.568486, 0.461511, 0.456783, 0.408246, 0.40159, 0.489757, 0.869313, 0.957702, 0.824149, 0.868001, 0.844596, 0.940657, 0.782305, 0.979734, 0.911306, 0.978053, 0.923963, 0.748699, 0.672587, 0.676813, 0.573025, 0.551208, 0.489458, 0.63924, 1.10535, 0.988854, 0.512821, 0.536545, 0.650185, 0.586325, 0.745019, 0.949809, 0.948909, 0.682977, 0.693231, 0.661465, 0.56912, 0.577837, 0.555382, 0.560095, 0.52633, 0.738637, 1.06962, 0.187174, 0.134193, 3.16925, 0.119305, 0.22301, 0.399843, 0.362978, 0.37677, 0.712094, 0.37229, 0.690849, 0.476252, 1.67427, 0.0899368, 0.00950631, 0.0138457, 0.0267621, 0.0114914 ]
}
