
{
  "stepsize" : 0.00142898,
  "metric_type" : "diag_e",
  "inv_metric" : [ 0.913858, 1.07772, 0.281086, 0.285256, 0.292095, 0.331371, 0.410955, 0.745129, 0.499138, 0.833125, 0.820796, 0.679237, 0.729309, 0.555837, 0.433389, 0.477407, 0.507385, 0.658448, 1.02369, 1.16342, 0.419405, 0.296494, 0.313244, 0.413428, 0.372326, 0.622356, 0.412053, 0.716384, 1.00248, 0.521625, 0.677624, 0.666565, 0.942721, 0.525923, 0.897894, 0.683965, 1.00539, 0.732605, 0.216713, 0.263647, 0.223269, 0.234352, 0.236328, 0.274393, 0.247264, 0.393656, 0.468418, 0.524338, 0.806479, 0.748566, 0.494539, 0.462462, 0.423958, 0.340496, 1.06421, 1.0194, 0.43387, 0.369651, 0.517465, 0.293695, 0.616807, 0.523211, 0.546908, 0.388155, 0.597197, 0.781836, 0.953952, 0.73095, 0.625263, 0.491697, 0.417993, 0.887627, 0.993099, 0.680788, 0.602427, 0.623558, 0.563357, 0.650391, 0.700068, 0.574371, 0.435023, 0.466444, 0.528486, 0.514757, 0.63085, 0.52393, 0.499225, 0.479175, 0.577351, 0.956644, 0.851285, 0.75572, 0.582405, 0.631272, 0.575068, 0.650355, 0.838698, 0.65783, 0.587932, 0.680826, 0.513379, 0.426373, 0.399934, 0.449388, 0.52855, 0.496761, 0.546524, 0.987683, 1.11932, 0.791368, 0.796681, 0.829157, 0.873051, 0.834543, 0.946603, 0.881945, 1.01991, 0.9463, 0.753313, 0.817375, 0.654944, 0.544952, 0.492479, 0.554743, 0.543208, 1.01183, 1.06629, 0.559531, 0.532979, 0.645448, 0.629399, 0.713902, 1.09062, 0.935831, 0.662009, 0.790211, 0.815571, 0.851541, 0.650724, 0.523169, 0.542476, 0.518679, 0.619274, 1.05942, 0.149881, 0.161341, 3.10502, 0.108691, 0.308365, 0.371462, 0.328534, 0.393874, 0.779129, 0.409079, 0.612364, 0.510576, 1.9393, 0.0935705, 0.00918492, 0.0121138, 0.0300148, 0.013712 ]
}
