
{
  "stepsize" : 0.000822225,
  "metric_type" : "diag_e",
  "inv_metric" : [ 1.04204, 0.967687, 0.270527, 0.315218, 0.302269, 0.341353, 0.418316, 0.835125, 0.551756, 0.806282, 0.890797, 0.742741, 0.736677, 0.576626, 0.50689, 0.501579, 0.616163, 0.651381, 0.963133, 1.20952, 0.420908, 0.326999, 0.31837, 0.485109, 0.434258, 0.547219, 0.455369, 0.71292, 0.822077, 0.514839, 0.814982, 0.822753, 0.921212, 0.618044, 0.895922, 0.616501, 1.03898, 0.715099, 0.198221, 0.261826, 0.257848, 0.204079, 0.210576, 0.276229, 0.279463, 0.394188, 0.509335, 0.613268, 0.784829, 0.70659, 0.595337, 0.464709, 0.391171, 0.366632, 0.906221, 1.08548, 0.418309, 0.441548, 0.587946, 0.321701, 0.642187, 0.544166, 0.622209, 0.444098, 0.62367, 0.807323, 0.931111, 0.703552, 0.742029, 0.586199, 0.483751, 0.953398, 1.02158, 0.560994, 0.601626, 0.560282, 0.550471, 0.658293, 0.671288, 0.641252, 0.466754, 0.524801, 0.596295, 0.536529, 0.538216, 0.565593, 0.489974, 0.546374, 0.510146, 0.997095, 1.0963, 0.701128, 0.531772, 0.614123, 0.64223, 0.663296, 0.798044, 0.635083, 0.662614, 0.585959, 0.466178, 0.470748, 0.483935, 0.405149, 0.50387, 0.395549, 0.443743, 0.926341, 1.0825, 0.819459, 0.826533, 0.826158, 0.8661, 0.857247, 0.956638, 0.822045, 1.00619, 0.962542, 0.754377, 0.69223, 0.595435, 0.592108, 0.566199, 0.515613, 0.539841, 0.973707, 1.05902, 0.538278, 0.537271, 0.679647, 0.621607, 0.727339, 0.986669, 0.945232, 0.654078, 0.683008, 0.676039, 0.666013, 0.519418, 0.614975, 0.550158, 0.613089, 0.644924, 1.01359, 0.107722, 3.04061, 3.74403, 0.106481, 0.269754, 0.385119, 0.394723, 0.439034, 0.774884, 0.353533, 0.620694, 0.51555, 1.88398, 0.0754819, 0.00959762, 0.0164035, 0.0266393, 0.0128917 ]
}
