
{
  "stepsize" : 0.00156964,
  "metric_type" : "diag_e",
  "inv_metric" : [ 1.10325, 1.02103, 0.274921, 0.294635, 0.317373, 0.329222, 0.419363, 0.729032, 0.519609, 0.891282, 0.839854, 0.712694, 0.693846, 0.532395, 0.493682, 0.44165, 0.586753, 0.598264, 1.06046, 1.03843, 0.432781, 0.312666, 0.315196, 0.434329, 0.36374, 0.569044, 0.413884, 0.855365, 0.853092, 0.464754, 0.728881, 0.781314, 0.787316, 0.560635, 0.861542, 0.648006, 0.960718, 0.756455, 0.228799, 0.242873, 0.281182, 0.231269, 0.228431, 0.301134, 0.282495, 0.416555, 0.525922, 0.486881, 0.763945, 0.807567, 0.534947, 0.472831, 0.413872, 0.361441, 0.985152, 1.00059, 0.413908, 0.374433, 0.52453, 0.321033, 0.682939, 0.52861, 0.545852, 0.392926, 0.623777, 0.836789, 0.987044, 0.805952, 0.638873, 0.504455, 0.386107, 1.02284, 0.969859, 0.650358, 0.596563, 0.612373, 0.591523, 0.557104, 0.610013, 0.593176, 0.516571, 0.453771, 0.525417, 0.518447, 0.564525, 0.484222, 0.529818, 0.46755, 0.561516, 0.861203, 1.11761, 0.627625, 0.606876, 0.590062, 0.561451, 0.618527, 0.804559, 0.649384, 0.740343, 0.626721, 0.453076, 0.515641, 0.483174, 0.388668, 0.54588, 0.403905, 0.423748, 0.984284, 0.926107, 0.858131, 0.726538, 0.909097, 0.840372, 0.866566, 0.983467, 0.993081, 1.03073, 1.0149, 0.719688, 0.708624, 0.679, 0.541951, 0.530441, 0.595444, 0.579486, 0.939054, 1.00374, 0.529139, 0.515085, 0.639259, 0.631333, 0.756421, 1.02382, 0.816169, 0.647948, 0.709659, 0.726923, 0.760849, 0.590465, 0.567897, 0.548307, 0.515273, 0.647825, 0.950565, 0.125212, 0.128825, 2.3576, 0.102416, 0.29079, 0.362167, 0.361841, 0.423688, 0.730875, 0.447948, 0.557864, 0.589687, 2.14865, 0.0746881, 0.00898995, 0.0144621, 0.0250898, 0.0123264 ]
}
