
{
  "stepsize" : 0.00152507,
  "metric_type" : "diag_e",
  "inv_metric" : [ 0.995833, 1.00326, 0.286864, 0.24719, 0.318845, 0.365684, 0.422771, 0.727021, 0.50093, 0.944895, 0.891766, 0.677733, 0.698811, 0.502804, 0.474614, 0.4327, 0.606059, 0.626057, 0.935966, 1.02315, 0.396927, 0.321043, 0.285381, 0.375905, 0.369428, 0.5621, 0.446556, 0.717727, 0.878728, 0.576921, 0.802694, 0.758993, 0.889029, 0.53819, 0.812001, 0.62979, 0.962538, 0.760251, 0.209399, 0.240418, 0.23175, 0.257267, 0.210439, 0.298339, 0.282734, 0.442845, 0.540021, 0.542508, 0.880481, 0.778005, 0.536699, 0.448419, 0.408859, 0.381388, 0.997141, 1.02698, 0.44059, 0.376393, 0.590504, 0.337518, 0.709523, 0.541915, 0.600676, 0.482234, 0.637806, 0.726539, 0.877469, 0.772621, 0.675946, 0.522198, 0.454385, 0.929219, 1.04358, 0.639244, 0.589902, 0.591252, 0.633376, 0.595521, 0.57256, 0.556083, 0.448282, 0.428215, 0.470716, 0.485206, 0.518738, 0.488133, 0.498533, 0.5064, 0.514786, 1.0093, 1.0448, 0.635879, 0.577487, 0.497146, 0.487863, 0.59753, 0.754397, 0.666255, 0.591605, 0.591633, 0.552224, 0.437472, 0.429798, 0.434571, 0.450627, 0.402419, 0.538853, 0.94078, 0.926744, 0.896855, 0.758654, 0.721651, 0.952877, 0.796228, 0.933388, 0.830708, 0.951486, 0.862049, 0.749442, 0.643651, 0.6073, 0.520037, 0.576938, 0.632599, 0.609858, 1.05932, 0.934391, 0.594825, 0.535726, 0.677489, 0.557321, 0.76999, 0.942489, 0.917657, 0.777304, 0.650353, 0.710595, 0.663144, 0.606625, 0.538996, 0.563181, 0.55967, 0.589166, 1.14106, 0.126041, 0.460333, 3.61681, 0.108789, 0.29538, 0.352185, 0.384915, 0.382348, 0.727634, 0.34699, 0.529559, 0.503452, 1.80322, 0.0751684, 0.0083797, 0.0135637, 0.0244587, 0.0128961 ]
}
