
{
  "stepsize" : 0.000480942,
  "metric_type" : "diag_e",
  "inv_metric" : [ 0.966679, 0.951562, 0.275924, 0.272052, 0.298603, 0.288056, 0.407485, 0.777455, 0.476103, 0.829164, 0.810682, 0.624294, 0.68694, 0.478578, 0.450794, 0.47557, 0.559338, 0.547899, 1.00858, 1.20613, 0.344195, 0.286968, 0.279273, 0.392469, 0.381411, 0.6293, 0.462266, 0.746903, 0.824214, 0.504555, 0.752965, 0.803735, 0.85804, 0.517826, 0.789975, 0.589683, 1.05567, 0.754919, 0.200174, 0.260179, 0.226816, 0.211249, 0.226295, 0.257932, 0.264048, 0.410245, 0.486964, 0.48424, 0.791878, 0.750716, 0.491976, 0.42965, 0.357673, 0.307829, 1.03819, 1.10351, 0.384031, 0.391933, 0.522496, 0.318971, 0.571021, 0.462693, 0.53538, 0.392594, 0.602398, 0.752337, 0.895374, 0.64101, 0.621637, 0.483516, 0.492435, 0.984558, 0.997178, 0.753656, 0.625967, 0.677101, 0.593425, 0.640652, 0.676686, 0.541773, 0.545742, 0.506518, 0.427735, 0.514749, 0.502794, 0.525256, 0.500379, 0.553566, 0.544524, 1.00548, 1.09678, 0.660422, 0.620383, 0.619081, 0.614915, 0.701765, 0.831614, 0.752582, 0.669905, 0.600762, 0.571615, 0.432557, 0.476409, 0.445146, 0.511467, 0.431945, 0.514383, 0.94874, 0.98147, 0.836352, 0.870603, 0.796163, 0.798753, 0.769842, 0.872352, 0.908924, 1.04123, 0.999098, 0.760559, 0.786292, 0.62335, 0.613126, 0.562853, 0.569865, 0.502422, 1.05781, 0.984673, 0.549387, 0.557821, 0.591969, 0.591273, 0.693702, 1.00491, 0.959542, 0.639528, 0.706911, 0.786877, 0.690435, 0.59018, 0.578386, 0.507091, 0.587994, 0.704836, 0.964616, 0.131137, 2.49227, 4.63846, 0.926593, 0.351701, 0.385058, 0.384689, 0.415532, 0.622521, 0.384896, 0.665832, 0.510165, 2.0313, 0.0788375, 0.0107303, 0.0114429, 0.0310314, 0.0117471 ]
}
