
{
  "stepsize" : 0.000615869,
  "metric_type" : "diag_e",
  "inv_metric" : [ 1.06877, 1.10414, 0.289523, 0.30007, 0.322611, 0.358965, 0.403884, 0.809305, 0.532963, 1.00517, 0.876554, 0.691442, 0.779496, 0.469824, 0.463402, 0.502127, 0.575746, 0.598861, 1.18343, 1.00255, 0.527665, 0.399324, 0.349737, 0.469975, 0.422136, 0.600584, 0.530178, 0.811915, 0.922427, 0.610953, 0.818826, 0.830457, 0.869877, 0.621481, 0.911565, 0.709473, 0.907293, 0.710057, 0.208551, 0.258443, 0.227204, 0.251928, 0.202999, 0.288853, 0.304758, 0.402986, 0.547038, 0.579851, 0.857826, 0.785671, 0.606013, 0.513353, 0.440483, 0.359175, 0.966444, 1.07247, 0.436218, 0.357912, 0.6293, 0.350812, 0.662794, 0.52274, 0.625182, 0.459617, 0.562277, 0.709165, 0.951809, 0.805855, 0.685936, 0.521391, 0.442195, 1.05797, 0.995096, 0.632797, 0.544529, 0.615761, 0.559928, 0.618021, 0.681484, 0.618105, 0.495411, 0.47659, 0.473836, 0.501755, 0.506714, 0.452901, 0.477789, 0.492395, 0.48963, 0.906594, 0.968273, 0.642956, 0.536654, 0.550604, 0.633938, 0.682677, 0.75147, 0.676738, 0.599324, 0.572493, 0.556969, 0.446228, 0.423676, 0.353605, 0.482105, 0.381408, 0.489028, 0.91035, 0.981664, 0.871327, 0.771474, 0.706671, 0.848946, 0.834979, 1.03358, 0.903621, 1.02197, 0.904019, 0.7578, 0.673062, 0.501962, 0.574697, 0.540834, 0.551323, 0.531136, 1.06608, 0.912128, 0.507982, 0.474322, 0.647321, 0.601402, 0.667545, 0.996495, 0.901162, 0.703799, 0.607099, 0.714309, 0.717279, 0.57967, 0.498806, 0.517237, 0.57671, 0.628454, 1.01998, 0.278724, 0.166299, 3.12833, 0.245202, 0.305026, 0.328682, 0.381815, 0.489947, 0.741494, 0.359035, 0.553679, 0.591168, 1.88301, 0.0793069, 0.0101491, 0.0169605, 0.0305627, 0.0132169 ]
}
