
{
  "stepsize" : 0.000865912,
  "metric_type" : "diag_e",
  "inv_metric" : [ 1.19484, 0.891943, 0.269571, 0.223545, 0.216618, 0.330196, 0.329977, 0.531363, 0.434363, 0.70241, 0.71725, 0.525954, 0.588576, 0.497475, 0.464024, 0.454536, 0.431801, 0.477435, 1.06922, 0.882341, 0.273877, 0.239652, 0.303019, 0.295513, 0.285906, 0.335895, 0.307382, 0.492908, 0.632668, 0.350128, 0.552743, 0.480663, 0.629444, 0.449521, 0.568655, 0.55917, 0.917099, 0.546515, 0.20876, 0.250794, 0.208344, 0.216706, 0.18813, 0.233558, 0.230013, 0.294657, 0.340062, 0.355461, 0.422143, 0.45039, 0.438929, 0.393089, 0.326984, 0.286868, 1.33673, 0.850217, 0.5214, 0.33648, 0.332743, 0.240274, 0.44737, 0.322886, 0.332814, 0.323453, 0.475878, 0.499946, 0.617676, 0.501209, 0.444315, 0.360677, 0.357235, 0.6007, 0.885004, 0.774074, 0.68698, 0.70412, 0.735545, 0.737335, 0.760127, 0.671194, 0.769338, 0.629915, 0.596582, 0.853084, 0.717535, 0.63911, 0.633681, 0.629742, 0.661718, 1.13707, 0.983773, 0.702576, 0.678089, 0.66586, 0.898623, 0.685756, 0.909548, 0.997602, 0.949619, 1.00216, 0.588253, 0.516244, 0.637004, 0.617453, 0.62399, 0.543525, 0.609067, 0.901648, 0.983922, 0.956476, 0.805849, 0.96851, 0.925447, 1.0511, 0.932657, 0.884746, 1.0718, 1.04415, 0.919708, 0.928937, 0.833431, 0.929374, 0.73154, 0.641442, 0.673753, 0.942483, 1.0255, 0.75917, 0.533092, 0.734608, 0.79482, 0.824854, 1.20404, 0.948619, 0.936255, 1.06173, 1.14261, 1.22009, 0.658733, 0.590913, 0.663399, 0.680109, 0.807319, 0.875675, 2.47734, 2.12068, 5.73103, 0.310107, 0.467889, 0.408328, 0.44557, 0.413598, 0.51542, 0.355558, 0.410811, 0.543989, 2.29849, 0.24286, 0.050682, 0.0445999, 0.899569, 0.0873394 ]
}
