
{
  "stepsize" : 0.000860623,
  "metric_type" : "diag_e",
  "inv_metric" : [ 0.84678, 0.878661, 0.303315, 0.324142, 0.308058, 0.334615, 0.395, 0.744472, 0.538313, 0.923002, 0.868352, 0.667481, 0.712778, 0.477113, 0.451007, 0.446808, 0.555664, 0.669228, 1.05351, 0.965412, 0.453266, 0.334718, 0.320812, 0.427884, 0.43586, 0.585653, 0.457224, 0.728471, 0.745785, 0.486968, 0.77287, 0.730439, 0.832974, 0.552301, 0.824402, 0.594955, 0.946536, 0.742858, 0.206739, 0.22328, 0.221607, 0.232438, 0.206044, 0.276955, 0.260531, 0.3756, 0.491545, 0.489432, 0.92381, 0.694288, 0.540292, 0.444775, 0.419227, 0.367979, 0.873081, 1.06782, 0.408634, 0.355513, 0.561879, 0.301804, 0.685684, 0.506145, 0.575846, 0.437011, 0.632859, 0.810116, 1.01756, 0.781114, 0.714778, 0.513169, 0.445158, 1.09607, 0.818651, 0.646205, 0.704981, 0.584768, 0.611946, 0.606738, 0.647548, 0.587052, 0.567635, 0.503578, 0.494394, 0.515195, 0.496597, 0.452675, 0.459714, 0.53797, 0.538441, 1.00746, 1.05549, 0.619634, 0.536566, 0.588132, 0.556257, 0.747652, 0.797704, 0.646105, 0.627901, 0.499647, 0.492635, 0.477263, 0.406757, 0.367065, 0.477327, 0.423723, 0.453592, 0.951083, 0.986907, 0.77859, 0.753819, 0.801483, 0.963719, 0.737658, 1.02572, 0.87313, 0.960779, 0.964769, 0.8496, 0.78879, 0.64058, 0.573815, 0.474546, 0.482498, 0.605273, 1.03275, 0.946728, 0.557632, 0.552193, 0.597557, 0.642842, 0.682992, 0.975749, 0.927266, 0.72711, 0.707146, 0.820856, 0.760631, 0.556453, 0.583858, 0.57074, 0.551133, 0.710678, 0.948932, 0.288913, 0.155804, 3.01561, 0.0980373, 0.236512, 0.374553, 0.352704, 0.394643, 0.794511, 0.437584, 0.627361, 0.501164, 1.8839, 0.0770885, 0.00910562, 0.0141817, 0.0266454, 0.01285 ]
}
