
{
  "stepsize" : 0.000704112,
  "metric_type" : "diag_e",
  "inv_metric" : [ 1.06568, 1.06521, 0.271565, 0.285822, 0.276728, 0.32469, 0.413311, 0.776446, 0.489288, 0.813652, 0.787009, 0.611236, 0.651482, 0.549664, 0.47479, 0.448569, 0.492441, 0.546769, 0.964085, 0.92147, 0.410118, 0.272599, 0.311088, 0.3717, 0.352539, 0.542174, 0.448304, 0.704342, 0.776918, 0.588403, 0.830316, 0.707941, 0.846286, 0.497732, 0.874463, 0.574441, 0.949386, 0.683813, 0.202829, 0.251783, 0.224107, 0.219573, 0.204077, 0.260608, 0.243559, 0.353299, 0.491507, 0.4968, 0.761835, 0.830793, 0.548728, 0.407758, 0.327589, 0.328474, 0.891181, 1.14725, 0.397211, 0.33697, 0.548378, 0.328179, 0.616397, 0.476289, 0.491539, 0.377983, 0.668852, 0.766444, 0.954838, 0.744355, 0.586663, 0.533491, 0.422694, 0.952782, 0.912788, 0.730522, 0.745339, 0.548072, 0.586256, 0.720758, 0.760655, 0.637796, 0.522621, 0.567192, 0.484694, 0.539496, 0.563243, 0.522382, 0.508344, 0.508365, 0.528253, 0.84835, 1.12148, 0.661691, 0.629929, 0.595841, 0.602714, 0.679663, 0.824847, 0.741215, 0.712319, 0.701894, 0.602805, 0.558706, 0.484894, 0.448074, 0.51465, 0.452544, 0.583517, 0.891234, 0.981602, 0.854409, 0.869652, 0.868023, 0.787202, 0.858775, 0.985805, 0.925904, 0.96249, 1.00656, 0.827784, 0.832162, 0.753328, 0.642202, 0.550126, 0.490675, 0.50844, 1.1103, 1.01127, 0.558279, 0.485282, 0.640507, 0.630172, 0.741476, 1.07145, 1.01602, 0.676407, 0.999795, 0.855056, 0.802248, 0.652659, 0.557421, 0.560673, 0.571859, 0.655092, 1.01501, 0.149418, 0.132789, 2.68782, 0.132339, 0.261331, 0.323552, 0.309536, 0.45169, 0.700192, 0.45082, 0.578558, 0.521163, 2.03938, 0.0819504, 0.0104718, 0.0120422, 0.0269412, 0.014035 ]
}
