
{
  "stepsize" : 0.00123094,
  "metric_type" : "diag_e",
  "inv_metric" : [ 0.895536, 0.949296, 0.277347, 0.317917, 0.310393, 0.310248, 0.372944, 0.833754, 0.508933, 0.946436, 0.863279, 0.663266, 0.716731, 0.541746, 0.514208, 0.435478, 0.562941, 0.561461, 0.990911, 0.953193, 0.402948, 0.359952, 0.311953, 0.391928, 0.360929, 0.635291, 0.431929, 0.842348, 0.835204, 0.562134, 0.839894, 0.714225, 0.851284, 0.542015, 0.857345, 0.566961, 0.944591, 0.740547, 0.196042, 0.275584, 0.230004, 0.230241, 0.21997, 0.332916, 0.26741, 0.379024, 0.474731, 0.582749, 0.80298, 0.878951, 0.60465, 0.465652, 0.412567, 0.394381, 1.02459, 0.940823, 0.427149, 0.391524, 0.524572, 0.295038, 0.647779, 0.498996, 0.53758, 0.407808, 0.611806, 0.741272, 0.898931, 0.827332, 0.699724, 0.571081, 0.486172, 0.981624, 0.930311, 0.646855, 0.580473, 0.591097, 0.565858, 0.532007, 0.678288, 0.604819, 0.497602, 0.504073, 0.467519, 0.520347, 0.511094, 0.544884, 0.555136, 0.460915, 0.524323, 0.874203, 1.14953, 0.632534, 0.597441, 0.514301, 0.508211, 0.661779, 0.911652, 0.647824, 0.649337, 0.628711, 0.550173, 0.437979, 0.390711, 0.39875, 0.487321, 0.354218, 0.487406, 1.06675, 0.947087, 0.837881, 0.893187, 0.901413, 0.958952, 0.849421, 1.09525, 0.949706, 0.975412, 0.889824, 0.769899, 0.641155, 0.70949, 0.555787, 0.516116, 0.520286, 0.547213, 0.946631, 0.994776, 0.52495, 0.545779, 0.631062, 0.523697, 0.750605, 0.981749, 0.819218, 0.677822, 0.657993, 0.633255, 0.605229, 0.512439, 0.475777, 0.591814, 0.503354, 0.69573, 0.987936, 0.122396, 0.124049, 3.39121, 0.088425, 0.26027, 0.399277, 0.364685, 0.418763, 0.77576, 0.408289, 0.655156, 0.465115, 1.76021, 0.082115, 0.010419, 0.0136577, 0.0291339, 0.0129634 ]
}
