
{
  "stepsize" : 0.000874521,
  "metric_type" : "diag_e",
  "inv_metric" : [ 0.820842, 0.802428, 0.217713, 0.249477, 0.253099, 0.267116, 0.34817, 0.586024, 0.475712, 0.741658, 0.824586, 0.661927, 0.729368, 0.563868, 0.479859, 0.466954, 0.462968, 0.499969, 0.908471, 0.99592, 0.404288, 0.281096, 0.342092, 0.327528, 0.273224, 0.347309, 0.3025, 0.455856, 0.641753, 0.421928, 0.561575, 0.667881, 0.635601, 0.41671, 0.562899, 0.535808, 0.876246, 0.482456, 0.208038, 0.268862, 0.234356, 0.228094, 0.220457, 0.248539, 0.234509, 0.268973, 0.368216, 0.348646, 0.446743, 0.479681, 0.509826, 0.481889, 0.391245, 0.322685, 1.04901, 1.26428, 0.55634, 0.355323, 0.380993, 0.283902, 0.411859, 0.358689, 0.310068, 0.308512, 0.433826, 0.49861, 0.637786, 0.539617, 0.45413, 0.408123, 0.389894, 0.531724, 1.15198, 0.729299, 0.634372, 0.673062, 0.691976, 0.781616, 0.770926, 0.738228, 0.633669, 0.644572, 0.629465, 0.591931, 0.60633, 0.663179, 0.557373, 0.603831, 0.563843, 1.05041, 1.04348, 0.842717, 0.575523, 0.595411, 0.679148, 0.787433, 0.883307, 0.721794, 0.813906, 0.83303, 0.63475, 0.650796, 0.684788, 0.618449, 0.501427, 0.473811, 0.663264, 1.11876, 0.990742, 0.8377, 0.869802, 0.895867, 1.00103, 0.878805, 1.18928, 0.908695, 0.889043, 1.0593, 1.08063, 1.0412, 1.08701, 0.86119, 0.799153, 0.909485, 0.850415, 1.08377, 0.995169, 0.605191, 0.558445, 0.709114, 0.641519, 0.806732, 1.06807, 1.01861, 0.876719, 1.06113, 1.14049, 1.15501, 0.655521, 0.590429, 0.637436, 0.543899, 0.735886, 1.04771, 1.74248, 1.06254, 5.32675, 2.75698, 1.84551, 0.400426, 0.364929, 0.457187, 0.537908, 0.398933, 0.564907, 0.610195, 1.57001, 0.217943, 0.050224, 0.0387179, 0.702356, 0.106836 ]
}
