
{
  "stepsize" : 0.000944323,
  "metric_type" : "diag_e",
  "inv_metric" : [ 0.963976, 1.0146, 0.282187, 0.284465, 0.335298, 0.310715, 0.412047, 0.754282, 0.536689, 0.971908, 0.898531, 0.678961, 0.677433, 0.471181, 0.481372, 0.424817, 0.563857, 0.578169, 1.04689, 1.09393, 0.42588, 0.332028, 0.317261, 0.445199, 0.370635, 0.591912, 0.494397, 0.650891, 0.837671, 0.515473, 0.876493, 0.705529, 0.842349, 0.541098, 0.830854, 0.60088, 0.896012, 0.766243, 0.221481, 0.280541, 0.275737, 0.25601, 0.24996, 0.297008, 0.276989, 0.420302, 0.500975, 0.526275, 0.788142, 0.795169, 0.57416, 0.457593, 0.393145, 0.39809, 0.957013, 0.944936, 0.446329, 0.382703, 0.612617, 0.282487, 0.680446, 0.516066, 0.565779, 0.487114, 0.600468, 0.742989, 0.882161, 0.843118, 0.649265, 0.555345, 0.450418, 1.00959, 0.935532, 0.595885, 0.702387, 0.70692, 0.563629, 0.627115, 0.619435, 0.627282, 0.508621, 0.496473, 0.534785, 0.50253, 0.51796, 0.54251, 0.544225, 0.507698, 0.525218, 0.922333, 0.859527, 0.657545, 0.550488, 0.521153, 0.630385, 0.666434, 0.768805, 0.672667, 0.691958, 0.574224, 0.48972, 0.511392, 0.5143, 0.434278, 0.46875, 0.422321, 0.547365, 1.01204, 0.947115, 0.803612, 0.786984, 0.732756, 0.870061, 0.824434, 0.911479, 0.883481, 0.949244, 0.906929, 0.732811, 0.621508, 0.564309, 0.532936, 0.51133, 0.546028, 0.604787, 0.958671, 1.06311, 0.579206, 0.470198, 0.638777, 0.51357, 0.748366, 1.00357, 0.913226, 0.725986, 0.722904, 0.775237, 0.667848, 0.552632, 0.525144, 0.55406, 0.563242, 0.679648, 0.935235, 0.142166, 0.75931, 2.66964, 0.113979, 0.376704, 0.365452, 0.399908, 0.389594, 0.638481, 0.364965, 0.735299, 0.58806, 1.95771, 0.0864155, 0.00920683, 0.0156742, 0.0271869, 0.0134202 ]
}
