
{
  "stepsize" : 0.00150762,
  "metric_type" : "diag_e",
  "inv_metric" : [ 0.982551, 0.443415, 0.3825, 0.295338, 0.382251, 0.359249, 0.37902, 0.421965, 0.41156, 0.390323, 0.402461, 0.462462, 0.505351, 0.655574, 0.630068, 0.616295, 0.579592, 0.646028, 0.964122, 0.851487, 0.729636, 0.391907, 0.755204, 0.713292, 0.667978, 0.596988, 0.613729, 0.607062, 0.59771, 0.630114, 0.661126, 0.677676, 0.67715, 0.856751, 0.784254, 0.909352, 0.915663, 0.409972, 0.373949, 0.288903, 0.428006, 0.366483, 0.40442, 0.390632, 0.374194, 0.331115, 0.267481, 0.284428, 0.321468, 0.415342, 0.409275, 0.395191, 0.406023, 0.456509, 1.13773, 0.283936, 0.209812, 0.160613, 0.181545, 0.180378, 0.240498, 0.29746, 0.232906, 0.279908, 0.28998, 0.310162, 0.480616, 0.569584, 0.838879, 0.668918, 0.635954, 0.737169, 1.01575, 0.926743, 0.733526, 0.707256, 0.675507, 0.61804, 0.63298, 0.70384, 0.807494, 0.787963, 0.978707, 0.760115, 0.852098, 0.888344, 1.01516, 0.907015, 1.01755, 0.860897, 1.02298, 0.514357, 0.378371, 0.458707, 0.496138, 0.590894, 1.19459, 0.758304, 0.737878, 0.649777, 0.642916, 0.652224, 0.801815, 1.01922, 1.03352, 0.983941, 0.817085, 1.07991, 1.01742, 0.469423, 0.4741, 0.252109, 0.191023, 0.194301, 0.225363, 0.224001, 0.218731, 0.190576, 0.260396, 0.265698, 0.262882, 0.340132, 0.310808, 0.385473, 0.444479, 0.432916, 0.999058, 0.882864, 1.06019, 0.576663, 0.560251, 0.486207, 0.494716, 0.410477, 0.337207, 0.363269, 0.523206, 0.355042, 0.334403, 0.524217, 0.554162, 0.574816, 0.582409, 0.628178, 1.02234, 0.969557, 0.831492, 0.569797, 0.658658, 0.502252, 0.66849, 0.783355, 0.575285, 0.604077, 0.605317, 0.723964, 0.730522, 0.553823, 0.659446, 0.678311, 0.827478, 0.745202, 0.946975, 1.03128, 0.630103, 0.712319, 0.566002, 0.577296, 0.653424, 0.903419, 0.714345, 0.55533, 0.661563, 0.847596, 1.00136, 0.955339, 0.870077, 0.917955, 0.927499, 0.914664, 0.91054, 1.05734, 0.816441, 0.563818, 0.770888, 0.771935, 0.768265, 0.818787, 0.805238, 0.691185, 0.909804, 0.808744, 0.714291, 0.834625, 0.779976, 0.606151, 0.740309, 0.953252, 1.14658, 0.92293, 0.821662, 0.793413, 0.720759, 0.860375, 0.928912, 0.956939, 0.957307, 0.633544, 0.39637, 0.511824, 0.493704, 0.556131, 0.630182, 0.658797, 0.786138, 0.941049, 0.922739, 0.964091, 0.847315, 0.70725, 0.630219, 0.892461, 0.916758, 1.00361, 1.06775, 0.863006, 0.689045, 0.810257, 0.721898, 0.629296, 0.593622, 0.7794, 0.629605, 1.06015, 1.00515, 0.984873, 0.925404, 0.915641, 1.07882, 0.912049, 0.878816, 1.16406, 1.00694, 1.09013, 0.950526, 1.13335, 1.03492, 0.966094, 0.906212, 1.09193, 1.04763, 0.979086, 1.01679, 1.00051, 0.844, 0.956945, 0.914925, 0.805232, 0.811076, 0.920037, 0.944344, 0.933056, 0.940634, 0.780588, 0.745469, 0.765168, 0.71506, 0.707006, 0.789081, 1.02474, 1.1386, 0.766334, 0.863746, 0.923527, 0.888303, 0.815927, 0.912032, 0.820219, 0.821898, 0.726311, 0.594197, 0.805925, 0.670504, 0.529571, 0.44863, 0.63408, 0.51669, 0.862389, 0.946229, 0.830462, 1.11417, 1.13046, 0.983155, 1.04367, 1.10177, 0.276893, 0.413367, 0.447083, 0.458528, 0.816678, 0.75452, 0.688787, 0.521438, 0.743043, 0.458051, 1.09241, 0.85902, 1.15186, 0.913615, 0.993775, 0.936064, 1.01564, 1.05565, 0.937797, 0.926676, 1.04798, 0.939673, 1.11709, 1.02255, 0.997321, 0.863141, 0.926202, 0.918105, 1.08883, 0.948424, 0.685035, 0.714355, 0.65247, 0.523394, 0.819855, 0.950123, 1.18829, 0.862477, 1.00463, 1.01398, 0.820951, 0.72019, 0.810256, 0.70605, 0.748781, 1.0716, 1.09026, 0.973941, 1.02867, 0.794361, 0.835176, 0.873381, 0.604667, 0.562945, 0.472626, 0.624336, 0.643538, 0.796275, 0.973958, 0.742203, 0.82478, 0.810453, 1.05226, 0.879045, 1.03976, 1.05907, 0.595578, 0.974957, 0.841127, 0.952881, 0.826962, 1.08515, 1.04331, 0.431475, 0.525218, 0.43961, 0.456371, 0.6404, 0.787568, 0.897718, 0.843665, 0.662106, 1.0287, 1.08601, 0.672177, 0.656537, 0.916661, 0.943495, 0.856521, 0.742176, 0.820397, 0.747145, 1.06406, 0.953834, 0.777567, 0.831424, 0.89716, 0.406323, 0.41, 0.560741, 1.07663, 1.09511, 0.914765, 0.69018, 0.662511, 0.700763, 0.691799, 0.747867, 0.794581, 0.637495, 0.670605, 0.735713, 0.671666, 0.81749, 0.741164, 0.716104, 0.766897, 0.912335, 0.872918, 1.18404, 0.865981, 0.673775, 0.805722, 0.774943, 0.878354, 0.700584, 0.805593, 0.897575, 0.79907, 0.794396, 0.780912, 0.796923, 0.734132, 0.915835, 0.735982, 0.841836, 1.06365, 1.09454, 0.962954, 1.06262, 0.893575, 1.05863, 1.15527, 0.941786, 1.16315, 0.922927, 0.985392, 0.810081, 1.15015, 0.97641, 0.907135, 0.984696, 0.930125, 0.790006, 1.00663, 0.870645, 0.943038, 0.98289, 0.995093, 0.937122, 1.03777, 1.09423, 1.09739, 0.979189, 0.892145, 0.779643, 0.706065, 0.635224, 0.739968, 0.597802, 0.800428, 1.03462, 1.01534, 1.06394, 0.917891, 0.533215, 0.811381, 0.713817, 0.680547, 0.663836, 0.677639, 0.645038, 0.563798, 0.613221, 0.572433, 0.642178, 0.557365, 0.551565, 0.691543, 0.823343, 0.822008, 0.899287, 0.242369, 0.221757, 0.232135, 0.230051, 0.064804, 0.421953, 0.634836, 0.463328, 0.444062, 0.563842, 0.797103, 0.760262, 0.662299, 1.00629, 0.779598, 0.951964, 0.998373, 0.995616, 0.959701, 1.02919, 0.885397, 1.00267, 1.03768, 0.995819, 0.973466, 0.936337, 0.977032, 1.05965, 0.969178, 0.855166, 0.990227, 0.909637, 1.01491, 1.0339, 0.936755, 0.94734, 0.969772, 0.743088, 0.699907, 1.14219, 0.926222, 1.05548, 0.946748, 1.00278, 0.996149, 0.847431, 0.807983, 0.755296, 0.553879, 0.74208, 0.827367, 0.864548, 1.12665, 1.02944, 0.789425, 0.838863, 0.742574, 0.664995, 0.858124, 0.523418, 0.580088, 0.488135, 0.83582, 0.806426, 0.654126, 0.703899, 0.81624, 0.60332, 0.784647, 0.822691, 1.05834, 0.967484, 1.07876, 0.25023, 0.296871, 0.240211, 0.258085, 0.352356, 0.581511, 0.799849, 0.548306, 0.541287, 0.58511, 0.458486, 0.355755, 0.54048, 0.752526, 0.893674, 1.0425, 0.993678, 0.910376, 0.228836, 0.218317, 0.534946, 0.779613, 0.739884, 0.482645, 0.474813, 0.596571, 0.808701, 0.765457, 0.890538, 0.609131, 0.733135, 0.612962, 0.608611, 0.900156, 3.54829, 3.09724, 3.64751, 4.29286, 1.01147, 2.88338, 4.41116, 1.02193, 0.635085, 0.945737, 0.898733, 4.73091, 4.22273, 4.12693, 5.21286, 3.52251, 0.037656, 5.5002, 4.63678, 4.04967, 3.9597, 4.36096, 0.0223986, 0.399776, 0.499003, 0.591227, 0.487101, 0.424809, 0.544774, 0.438066, 0.522339, 0.481795, 0.590777, 0.625787, 0.418338, 0.440901, 0.514779, 0.500252, 0.345829, 0.677134, 0.433873, 0.521745, 0.382938, 0.717633, 0.477617, 0.0605805, 0.787394, 0.0828254, 1.96749, 1.41532, 0.0103636, 0.0215226, 0.0215981, 0.199366, 0.0327108, 0.0254988, 0.0129154, 0.25884, 0.0393055, 0.0205587, 0.0233848, 0.0275848 ]
}
