
{
  "stepsize" : 0.00222117,
  "metric_type" : "diag_e",
  "inv_metric" : [ 0.971778, 0.465076, 0.389032, 0.33176, 0.352406, 0.422316, 0.377624, 0.405046, 0.390434, 0.391797, 0.370467, 0.456719, 0.591799, 0.629438, 0.622357, 0.521771, 0.630784, 0.660487, 0.993767, 0.769917, 0.696756, 0.351053, 0.746546, 0.783432, 0.592945, 0.558155, 0.546985, 0.560132, 0.529729, 0.640965, 0.678239, 0.720309, 0.788109, 0.889451, 0.872731, 0.884894, 1.00159, 0.398984, 0.382407, 0.328528, 0.411525, 0.400583, 0.399823, 0.388391, 0.352851, 0.32215, 0.264215, 0.316421, 0.320976, 0.366398, 0.418329, 0.37755, 0.437742, 0.47617, 1.07121, 0.302684, 0.226357, 0.167331, 0.17036, 0.189635, 0.238942, 0.284827, 0.25307, 0.232937, 0.285467, 0.299685, 0.44457, 0.535436, 0.68486, 0.6042, 0.599828, 0.689164, 1.17562, 0.861104, 0.747899, 0.75425, 0.674244, 0.616132, 0.655045, 0.627559, 0.772021, 0.787495, 0.993241, 0.91861, 0.848244, 1.0238, 0.967758, 0.752151, 0.838325, 0.903504, 0.954166, 0.4773, 0.415898, 0.489218, 0.507911, 0.560217, 1.20783, 0.666063, 0.872826, 0.623624, 0.704586, 0.743105, 0.993895, 1.02478, 0.951618, 1.06119, 0.779744, 0.926135, 0.94764, 0.457964, 0.425402, 0.236608, 0.193653, 0.183875, 0.184748, 0.211888, 0.246353, 0.198546, 0.234914, 0.259903, 0.253674, 0.302742, 0.340051, 0.395187, 0.353152, 0.41046, 0.925477, 0.888257, 0.867675, 0.611588, 0.630946, 0.433248, 0.400524, 0.384748, 0.345055, 0.369232, 0.445042, 0.391041, 0.380551, 0.528525, 0.531688, 0.510759, 0.620106, 0.6164, 1.13445, 0.886915, 0.948422, 0.586307, 0.672177, 0.616256, 0.665094, 0.749512, 0.520349, 0.611972, 0.612149, 0.705096, 0.648709, 0.577395, 0.589748, 0.672474, 0.6961, 0.721927, 0.927823, 1.05625, 0.591172, 0.774265, 0.57028, 0.559201, 0.652766, 0.793474, 0.711142, 0.651247, 0.764816, 0.810061, 0.985147, 1.03589, 0.980657, 0.90707, 1.17313, 0.950294, 1.09924, 1.12928, 0.855461, 0.633092, 0.790956, 0.747273, 0.846514, 0.729472, 0.738984, 0.710813, 0.881977, 0.769775, 0.840831, 0.752958, 0.795794, 0.672393, 0.701789, 0.955529, 1.07536, 1.01085, 0.958335, 0.774664, 0.743405, 0.84795, 0.947658, 0.931144, 0.800365, 0.665046, 0.515448, 0.469092, 0.458723, 0.554822, 0.572448, 0.659694, 0.812455, 1.00951, 0.940467, 0.981384, 0.809884, 0.511306, 0.708826, 0.740218, 0.961658, 0.923976, 0.919794, 0.766085, 0.73172, 0.907682, 0.818547, 0.683003, 0.628234, 0.798379, 0.683771, 1.16136, 1.03132, 0.943777, 0.932361, 0.899103, 0.904035, 0.904567, 1.00177, 1.00798, 1.07532, 0.909626, 1.0028, 0.932356, 0.923406, 1.03008, 1.02381, 1.11517, 1.00669, 0.990083, 0.980797, 0.896137, 1.01845, 0.988964, 0.965249, 0.813886, 0.810803, 1.01848, 1.10925, 1.16091, 0.99075, 0.853184, 0.774701, 0.797076, 0.735346, 0.577729, 0.715933, 1.08542, 1.06243, 0.841281, 0.993106, 0.904325, 0.886674, 0.826183, 0.823115, 0.724315, 0.757653, 0.708651, 0.595247, 0.751161, 0.637083, 0.470975, 0.521343, 0.670142, 0.485878, 0.997802, 0.902376, 0.827322, 1.05106, 0.983737, 0.953009, 0.957537, 1.14632, 0.251756, 0.450495, 0.385858, 0.498267, 0.805886, 0.819887, 0.703433, 0.497488, 0.705593, 0.500857, 0.959581, 1.11081, 1.16148, 0.846407, 1.04662, 0.993511, 0.943626, 0.983877, 0.959787, 1.0514, 0.994683, 1.04202, 1.08459, 0.977651, 1.03131, 0.885447, 0.825007, 0.968864, 0.895985, 0.974278, 0.75533, 0.663981, 0.766517, 0.582355, 0.799295, 1.03296, 1.00426, 0.923232, 1.17419, 1.09478, 0.865692, 0.847981, 0.983547, 0.732022, 0.750036, 0.933311, 0.873112, 0.881178, 0.922466, 0.832278, 0.842311, 1.03107, 0.664673, 0.580891, 0.44905, 0.71566, 0.651259, 0.795229, 0.936057, 0.80854, 0.931147, 0.723611, 1.04072, 0.837603, 1.05661, 1.05634, 0.602433, 0.974069, 0.705584, 0.965743, 0.989245, 1.02134, 1.00576, 0.562313, 0.593716, 0.530404, 0.554313, 0.516103, 0.849932, 0.785423, 0.815016, 0.71707, 1.08023, 1.0686, 0.768808, 0.733086, 1.02856, 0.990515, 0.853855, 0.714082, 0.849331, 0.790757, 0.989364, 0.960445, 0.797098, 0.801162, 0.914764, 0.480251, 0.43165, 0.55212, 1.04617, 1.01453, 0.906392, 0.722362, 0.693707, 0.823149, 0.700945, 0.694334, 0.720875, 0.606817, 0.680347, 0.731698, 0.580387, 0.828627, 0.707609, 0.739286, 0.807011, 0.910474, 0.856488, 0.912026, 0.874445, 0.668972, 0.743158, 0.818871, 0.847356, 0.842556, 0.844516, 0.883642, 0.693563, 0.82, 0.763932, 0.80127, 0.702509, 0.890862, 0.718167, 0.831191, 1.04401, 0.973311, 0.895296, 0.911938, 1.08298, 1.06287, 1.0175, 1.14078, 1.16069, 0.982992, 1.12673, 0.84979, 0.925796, 1.02147, 0.929714, 1.02294, 0.99205, 0.887074, 1.02622, 0.998807, 1.06341, 0.936423, 0.929929, 0.913672, 0.962007, 1.12875, 1.01055, 1.07864, 0.881333, 0.848431, 0.914376, 0.5952, 0.623743, 0.586764, 0.811399, 0.80425, 1.01711, 0.909603, 0.792724, 0.614926, 0.834772, 0.837068, 0.744175, 0.627785, 0.694776, 0.601125, 0.581656, 0.652984, 0.555006, 0.591782, 0.535493, 0.506648, 0.610115, 0.890258, 1.02607, 1.03493, 0.238847, 0.226958, 0.220964, 0.210472, 0.0558983, 0.46055, 0.550275, 0.403134, 0.470264, 0.67956, 0.784329, 0.838909, 0.635232, 0.914063, 0.680952, 0.800304, 1.01964, 0.988255, 0.92295, 1.16948, 1.01784, 0.950974, 0.944279, 0.886306, 1.07726, 0.988074, 1.03777, 0.958422, 0.929301, 0.866923, 0.932213, 0.817984, 0.871501, 1.05788, 1.04448, 1.08331, 0.868229, 0.709017, 0.730607, 1.0538, 1.06822, 1.06569, 1.00077, 1.03324, 1.06011, 0.840604, 0.79728, 0.802884, 0.629433, 0.74516, 0.838709, 0.844077, 1.01328, 0.92695, 0.8364, 0.925227, 0.795736, 0.70988, 0.818889, 0.510336, 0.495011, 0.539106, 0.706933, 0.667971, 0.671069, 0.698333, 0.866676, 0.630932, 0.696749, 0.745099, 0.936544, 1.02827, 0.86087, 0.262352, 0.281164, 0.249338, 0.322468, 0.335553, 0.622178, 0.805906, 0.584555, 0.562407, 0.555707, 0.372584, 0.3733, 0.470967, 0.739644, 0.884845, 1.0265, 0.887315, 0.880214, 0.246094, 0.216409, 0.49859, 0.741939, 0.677173, 0.474052, 0.475459, 0.634016, 0.67543, 0.698716, 0.844431, 0.576356, 0.708689, 0.603308, 0.744364, 1.00562, 3.29749, 1.43615, 3.95361, 4.52651, 0.376258, 4.26622, 3.67644, 0.898981, 0.539429, 1.00358, 2.54251, 5.02882, 3.34612, 4.29715, 4.60864, 3.79367, 0.041937, 3.30909, 5.98919, 3.09982, 5.7119, 4.0979, 0.0299885, 0.476043, 0.50943, 0.529424, 0.493497, 0.376735, 0.480231, 0.454997, 0.529002, 0.469354, 0.570178, 0.554963, 0.456294, 0.418546, 0.459997, 0.468405, 0.353453, 0.698665, 0.526107, 0.506177, 0.346914, 0.697167, 0.488341, 0.0652931, 0.696098, 0.0926804, 1.87526, 1.81101, 0.0112263, 0.025996, 0.02225, 0.173149, 0.0335066, 0.0270914, 0.0159752, 0.228716, 0.0514616, 0.0214402, 0.027075, 0.0251596 ]
}
