
{
  "stepsize" : 0.00224262,
  "metric_type" : "diag_e",
  "inv_metric" : [ 0.84372, 0.480427, 0.369828, 0.295386, 0.348054, 0.358717, 0.32151, 0.42474, 0.378206, 0.398307, 0.396655, 0.425546, 0.518, 0.571882, 0.630904, 0.604789, 0.580758, 0.662343, 0.895663, 0.754914, 0.7073, 0.395259, 0.756566, 0.754358, 0.647987, 0.645937, 0.58803, 0.565366, 0.517187, 0.571819, 0.704346, 0.696221, 0.730305, 0.855499, 0.837644, 0.870489, 0.945078, 0.353263, 0.354443, 0.348599, 0.47388, 0.377465, 0.358964, 0.375991, 0.347867, 0.321873, 0.233892, 0.253184, 0.311537, 0.383195, 0.407089, 0.362225, 0.401284, 0.467686, 0.978195, 0.336257, 0.215792, 0.160225, 0.15582, 0.165482, 0.237732, 0.286012, 0.22889, 0.233854, 0.286466, 0.298693, 0.412786, 0.491981, 0.756056, 0.593766, 0.652869, 0.651252, 0.950785, 0.975708, 0.7621, 0.670091, 0.703291, 0.615491, 0.647869, 0.799834, 0.769118, 0.751912, 0.891959, 0.885582, 0.89032, 0.977512, 0.942614, 0.813989, 0.917079, 0.975938, 1.14167, 0.466253, 0.39085, 0.447167, 0.50465, 0.562468, 1.43136, 0.695197, 0.769915, 0.623479, 0.626552, 0.724043, 0.785212, 0.962454, 0.844748, 1.06541, 0.922924, 0.979229, 0.918891, 0.440349, 0.412237, 0.299419, 0.224587, 0.181973, 0.20559, 0.224273, 0.215139, 0.202038, 0.240506, 0.23943, 0.25027, 0.310428, 0.307556, 0.326752, 0.345811, 0.415053, 0.906997, 0.963886, 0.873956, 0.535978, 0.533574, 0.421913, 0.382917, 0.325171, 0.314051, 0.376058, 0.38223, 0.353027, 0.360224, 0.460755, 0.521745, 0.571947, 0.558706, 0.608251, 0.968168, 0.867568, 0.754753, 0.596364, 0.732474, 0.549877, 0.599468, 0.779347, 0.57406, 0.608483, 0.674196, 0.707424, 0.570169, 0.577473, 0.593813, 0.618518, 0.785497, 0.61507, 1.06943, 1.091, 0.563761, 0.853741, 0.56757, 0.63988, 0.652625, 0.914738, 0.685886, 0.630381, 0.709523, 0.71508, 0.949635, 0.948854, 0.969256, 1.03322, 0.899224, 0.816824, 0.923918, 1.05123, 0.819536, 0.623321, 0.768624, 0.76515, 0.847512, 0.762217, 0.835517, 0.839129, 0.817178, 0.734345, 0.787702, 0.826145, 0.769926, 0.646635, 0.845696, 0.930507, 0.842042, 0.892966, 0.947082, 0.792829, 0.760398, 0.792466, 0.883061, 0.89275, 0.931229, 0.666941, 0.567793, 0.458271, 0.470916, 0.521855, 0.614273, 0.630738, 0.72316, 1.01745, 0.912112, 1.00473, 0.747994, 0.669148, 0.682686, 0.872355, 0.932593, 0.919432, 1.07216, 0.869509, 0.766887, 0.825279, 0.790906, 0.629103, 0.624999, 0.739348, 0.6526, 1.0233, 0.968326, 1.07717, 1.01574, 1.05179, 1.13595, 1.04052, 0.944327, 0.95531, 0.985791, 0.9937, 0.904514, 0.96707, 1.04812, 0.882821, 1.09252, 1.04464, 1.07675, 0.9538, 0.976084, 0.955532, 0.882956, 0.975486, 0.903841, 0.775331, 1.0941, 0.897873, 0.969543, 1.06202, 0.817392, 0.908097, 0.61679, 0.700864, 0.685581, 0.571914, 0.739563, 1.08251, 0.999332, 0.782818, 0.983692, 0.944398, 0.801964, 0.803845, 0.887636, 0.695171, 0.710924, 0.58107, 0.599842, 0.685902, 0.646912, 0.461376, 0.492202, 0.609587, 0.522454, 1.08353, 1.11065, 0.867125, 0.910525, 0.925916, 0.984775, 1.02959, 1.07731, 0.287214, 0.454383, 0.380292, 0.523558, 0.720999, 0.821737, 0.668199, 0.583239, 0.875316, 0.555461, 0.974377, 1.13865, 1.11285, 0.928522, 1.13131, 1.01563, 1.0847, 0.890887, 0.966729, 0.994944, 1.00585, 1.07593, 1.04406, 1.04757, 0.959087, 0.958322, 0.876123, 0.793987, 0.967507, 0.984243, 0.719196, 0.691677, 0.703625, 0.621186, 0.851959, 0.957615, 0.981553, 0.980848, 1.10293, 1.0191, 0.900426, 1.00482, 0.953329, 0.787141, 0.610986, 1.0249, 1.02839, 1.06823, 1.00179, 0.778204, 1.01876, 0.927616, 0.630973, 0.604732, 0.496011, 0.673935, 0.597702, 0.72634, 0.912371, 0.769596, 0.805357, 0.7515, 0.983831, 0.822363, 1.05309, 1.16524, 0.619941, 0.95008, 0.852476, 0.941693, 0.956681, 0.993166, 1.06994, 0.437536, 0.559548, 0.502062, 0.551304, 0.552901, 0.849804, 0.802758, 0.778005, 0.619248, 1.03251, 0.983474, 0.660471, 0.81689, 0.897131, 0.85066, 0.821271, 0.639276, 0.799007, 0.804948, 0.997849, 1.0524, 0.963115, 0.766859, 0.867434, 0.524107, 0.442398, 0.541489, 0.963735, 0.949347, 0.984113, 0.836607, 0.726914, 0.778943, 0.663077, 0.616656, 0.80994, 0.710019, 0.632595, 0.701498, 0.646019, 0.787644, 0.723533, 0.661468, 0.759727, 0.865992, 1.05892, 0.901182, 0.741192, 0.678792, 0.799219, 0.824882, 0.762414, 0.824541, 0.915781, 0.798054, 0.766508, 0.853866, 0.81582, 0.686738, 0.686931, 0.915185, 0.661857, 0.822471, 0.973615, 1.05407, 0.945624, 0.920919, 1.08305, 1.06836, 1.00252, 0.971595, 0.949717, 0.950943, 0.897554, 0.898883, 0.949779, 1.02017, 0.91663, 0.990276, 0.965694, 0.898846, 1.01217, 0.991472, 0.820732, 0.93185, 1.02841, 0.86053, 1.08141, 1.0836, 1.12426, 0.924073, 0.950004, 0.847649, 0.785187, 0.67086, 0.638363, 0.61145, 0.765019, 0.849212, 0.887503, 0.88693, 0.913888, 0.548975, 0.871, 0.681736, 0.713499, 0.636098, 0.720276, 0.675548, 0.450394, 0.618748, 0.558408, 0.603272, 0.512839, 0.465374, 0.613339, 0.861696, 1.03978, 0.913568, 0.260401, 0.228293, 0.226508, 0.20903, 0.131307, 0.414838, 0.556931, 0.46924, 0.435748, 0.568243, 0.726437, 0.890047, 0.71939, 0.947528, 0.712652, 0.875529, 0.990951, 1.06825, 0.831883, 0.95146, 1.02306, 1.02292, 0.909344, 0.924575, 0.963264, 0.938426, 0.977242, 0.967645, 0.868828, 0.930222, 0.907844, 0.887052, 0.889363, 1.05116, 1.02068, 1.06107, 0.967792, 0.672696, 0.696308, 0.976941, 0.976943, 1.02924, 0.932661, 0.927748, 0.943176, 0.924952, 0.779367, 0.760406, 0.708755, 0.781839, 0.819642, 0.897352, 0.93092, 1.01157, 0.838463, 0.741512, 0.944069, 0.835183, 0.863096, 0.530666, 0.569341, 0.55124, 0.741613, 0.733954, 0.621852, 0.872213, 0.772808, 0.535379, 0.760123, 0.713301, 0.992467, 0.997859, 0.959771, 0.305665, 0.355705, 0.286767, 0.364403, 0.514087, 0.612594, 0.827484, 0.592748, 0.559042, 0.653856, 0.428927, 0.314517, 0.512803, 0.713593, 0.760885, 1.136, 0.900917, 1.0417, 0.251506, 0.225517, 0.528397, 0.723314, 0.739927, 0.63571, 0.557515, 0.747005, 0.7223, 0.814439, 0.878596, 0.675213, 0.740262, 0.628748, 0.674812, 1.00551, 3.42611, 1.2847, 5.35632, 4.55609, 0.609051, 3.55527, 2.81012, 0.720088, 0.327184, 0.87769, 2.78621, 3.62818, 3.18285, 4.93154, 4.31663, 3.43094, 0.0415392, 4.02692, 4.08902, 3.13816, 4.90311, 3.90752, 0.0202415, 0.501974, 0.474456, 0.46934, 0.569304, 0.390425, 0.457293, 0.405083, 0.513093, 0.494254, 0.548098, 0.74905, 0.487785, 0.403324, 0.516423, 0.426241, 0.334066, 0.739046, 0.507858, 0.582862, 0.411135, 0.642374, 0.495328, 0.0685855, 0.713983, 0.0801447, 1.68641, 1.96103, 0.0105538, 0.0205474, 0.0234582, 0.168552, 0.0339051, 0.0256053, 0.0124616, 0.232988, 0.0449027, 0.0177486, 0.022184, 0.0262097 ]
}
