
{
  "stepsize" : 0.00177806,
  "metric_type" : "diag_e",
  "inv_metric" : [ 0.963253, 0.321563, 0.253973, 0.156501, 0.142555, 0.159702, 0.145624, 0.172989, 0.165416, 0.187602, 0.237539, 0.296819, 0.372945, 0.549978, 0.387761, 0.328678, 0.379597, 0.397976, 0.939207, 0.544481, 0.396632, 0.175862, 0.244474, 0.262246, 0.224523, 0.183999, 0.184822, 0.174226, 0.202815, 0.242414, 0.28653, 0.384435, 0.400651, 0.370892, 0.397833, 0.531443, 0.877271, 0.288937, 0.247691, 0.116855, 0.124592, 0.123377, 0.133789, 0.143114, 0.147892, 0.161374, 0.166104, 0.201334, 0.206027, 0.310626, 0.269996, 0.254836, 0.257624, 0.278691, 0.837347, 0.247994, 0.177511, 0.0836512, 0.0734056, 0.0673719, 0.0813681, 0.0641897, 0.0722606, 0.11743, 0.129916, 0.124817, 0.164032, 0.219766, 0.326417, 0.328153, 0.312233, 0.314413, 0.861272, 0.573186, 0.521735, 0.196859, 0.298745, 0.199306, 0.234582, 0.306109, 0.339946, 0.416688, 0.632233, 0.560618, 0.517248, 0.744587, 0.758125, 0.57808, 0.637374, 0.617986, 0.917145, 0.323516, 0.295777, 0.110692, 0.123322, 0.102555, 0.0360274, 0.112839, 0.115193, 0.56952, 0.591882, 0.585556, 0.508658, 0.641735, 0.657812, 0.526343, 0.526239, 0.679572, 0.904178, 0.247437, 0.177554, 0.136964, 0.0709995, 0.0613225, 0.0818565, 0.0817755, 0.0985877, 0.0996932, 0.141742, 0.146856, 0.14182, 0.194454, 0.192442, 0.202819, 0.199336, 0.236197, 0.985236, 0.497641, 0.483329, 0.23742, 0.230013, 0.210797, 0.190361, 0.152397, 0.125525, 0.169064, 0.163805, 0.135033, 0.12504, 0.159182, 0.236164, 0.234674, 0.2405, 0.234235, 0.954704, 0.717715, 0.596035, 0.241819, 0.237223, 0.243568, 0.278577, 0.342858, 0.413305, 0.354303, 0.388031, 0.319346, 0.304876, 0.321471, 0.285655, 0.303161, 0.310368, 0.348579, 0.943128, 0.658106, 0.375, 0.417457, 0.374741, 0.266669, 0.249239, 0.204439, 0.120531, 0.147281, 0.244421, 0.39722, 0.723056, 0.583678, 0.609346, 0.703103, 0.967144, 0.746717, 0.974325, 0.594766, 0.399238, 0.616264, 0.412806, 0.290736, 0.244581, 0.33518, 0.396139, 0.38155, 0.361672, 0.294513, 0.189798, 0.353439, 0.415607, 0.458466, 0.57323, 0.517469, 1.07842, 0.918562, 0.816354, 0.740583, 0.640148, 0.658925, 0.909452, 0.878354, 0.942719, 0.810238, 0.636101, 0.518221, 0.575865, 0.563717, 0.605117, 0.637276, 0.652933, 1.0073, 1.05116, 1.07326, 0.914683, 0.705297, 0.678696, 0.871823, 0.916081, 1.00022, 0.998784, 1.06044, 1.01816, 0.941928, 0.972083, 0.943057, 0.80439, 0.829487, 0.825236, 0.914757, 1.04537, 1.09452, 0.951788, 1.12868, 0.956639, 0.93956, 0.939935, 0.998835, 1.03117, 0.881682, 0.979436, 0.996865, 1.07916, 0.979949, 0.960773, 0.856477, 0.877391, 1.03651, 0.898198, 0.882419, 1.00458, 0.896192, 0.929472, 0.930681, 0.956445, 0.893395, 0.963966, 1.00862, 1.00031, 1.13166, 0.983686, 0.972714, 0.84718, 0.69869, 0.695443, 0.9621, 0.961706, 0.845601, 0.953635, 0.987558, 0.914795, 0.986492, 0.944467, 0.93412, 0.862523, 0.83272, 0.690613, 0.712522, 0.606575, 0.716441, 0.515856, 0.575229, 0.469075, 1.00185, 1.08602, 1.04479, 0.871604, 0.939706, 0.948888, 1.00775, 0.885932, 1.06835, 1.07721, 0.65063, 0.539837, 0.636096, 0.818139, 0.845789, 0.663468, 0.879985, 0.869186, 0.974996, 1.06753, 1.0666, 0.934161, 0.934827, 1.03182, 0.948444, 0.866226, 0.94269, 1.01333, 1.01256, 1.07121, 0.939987, 0.972275, 1.00078, 0.860122, 0.830341, 0.984556, 0.928525, 1.0923, 0.943243, 0.834593, 0.766524, 0.693206, 0.974796, 0.955864, 1.03388, 0.975956, 0.910911, 1.009, 1.02964, 1.14775, 0.939012, 0.87595, 0.658989, 0.927113, 0.991264, 1.01594, 1.14063, 0.821315, 0.745945, 0.879036, 0.934578, 0.969223, 0.761437, 0.776657, 0.742249, 0.821234, 0.911379, 0.899231, 0.883792, 0.703452, 1.01698, 1.00482, 0.932006, 1.08957, 0.819796, 1.01607, 0.560995, 0.902368, 0.784318, 1.05097, 1.07485, 1.10208, 1.10677, 0.816785, 0.864935, 0.621724, 0.622649, 0.725898, 0.698224, 0.724569, 0.949875, 1.0072, 0.770091, 0.762497, 0.764073, 0.93614, 1.05391, 0.795872, 0.760009, 0.713106, 0.991412, 0.903823, 1.02802, 0.920473, 1.05075, 0.773986, 0.825553, 0.70098, 0.930639, 1.04462, 0.960807, 0.873579, 0.895971, 1.04578, 1.00171, 1.05622, 0.885702, 1.02814, 0.87142, 0.977026, 0.839924, 0.851138, 0.855119, 0.913101, 0.925495, 0.879367, 0.961835, 1.05078, 1.01535, 1.08823, 1.05399, 0.956802, 0.925758, 0.983267, 0.906081, 1.01533, 0.935866, 0.938275, 0.836277, 0.90171, 0.80582, 0.927728, 0.866217, 1.0354, 0.904871, 1.18375, 0.99304, 0.965755, 1.03881, 0.918818, 0.976528, 0.989803, 1.00389, 1.07103, 0.978236, 1.0184, 0.969877, 1.00161, 1.07131, 0.963673, 1.00392, 0.886092, 1.05594, 0.979397, 0.983959, 0.984284, 1.10313, 0.93698, 1.01231, 0.884874, 0.971992, 0.936216, 1.04433, 1.1142, 0.957432, 0.929725, 0.904489, 0.895015, 0.909205, 0.95315, 1.11633, 1.09316, 1.14314, 1.18833, 1.13329, 0.99399, 0.997448, 1.00605, 0.877675, 0.926639, 1.02131, 0.924766, 0.871648, 0.788151, 0.927289, 0.845667, 0.825953, 1.07751, 1.01724, 0.983823, 0.984621, 0.956013, 1.03799, 1.1218, 0.958174, 1.10443, 0.938976, 0.768226, 0.844129, 0.859212, 0.896932, 0.941729, 0.907827, 1.05825, 0.900339, 0.923391, 0.949852, 0.93579, 0.986391, 1.1081, 1.08544, 0.988086, 1.09453, 0.93056, 0.876978, 0.925608, 0.922142, 1.09589, 0.914239, 0.999106, 1.01659, 0.909104, 1.04776, 1.02492, 0.841538, 0.956613, 0.960789, 0.91955, 0.945356, 0.973484, 0.942977, 1.06179, 1.01311, 0.996894, 1.18512, 1.086, 0.860238, 0.909058, 0.852187, 0.956642, 1.05167, 0.958507, 0.970246, 1.00426, 0.970546, 0.913907, 0.973359, 0.994486, 0.956009, 0.79556, 0.791873, 0.985483, 1.03043, 1.04589, 0.840996, 1.03159, 0.927183, 1.04173, 0.986336, 0.974004, 1.08451, 0.914278, 1.09645, 0.957352, 1.12504, 1.0388, 1.07455, 1.02616, 1.00147, 1.12406, 0.971349, 0.847941, 0.96627, 0.843974, 0.812805, 0.884958, 0.898272, 0.929806, 0.984518, 1.03044, 0.828259, 1.05684, 1.15759, 0.936313, 0.856561, 0.925813, 0.964981, 0.94242, 0.882283, 0.925372, 0.957317, 0.89892, 0.970256, 0.900947, 0.922878, 0.934623, 1.06281, 2.87548, 3.02456, 4.2755, 4.10682, 0.662525, 3.91228, 3.71513, 2.61726, 1.97069, 2.22045, 1.39267, 4.94007, 4.27569, 5.41535, 5.20063, 3.78991, 3.4774, 4.79888, 4.14694, 3.84507, 4.39967, 3.74752, 0.0174895, 0.47519, 0.474143, 0.453622, 0.443127, 0.422139, 0.416238, 0.467508, 0.46632, 0.463345, 0.470516, 0.572373, 0.531823, 0.51706, 0.473948, 0.445446, 0.433873, 0.411395, 0.541161, 0.449827, 0.488809, 0.513703, 0.539479, 0.0791227, 0.721455, 0.0512805, 2.21883, 2.22994, 0.0206848, 0.0292772, 0.0321203, 0.272313, 0.050951, 0.0235813, 0.0330441, 0.448193, 0.0858277, 0.0464457, 0.0281737, 0.0408379 ]
}
