
{
  "stepsize" : 0.00199294,
  "metric_type" : "diag_e",
  "inv_metric" : [ 0.894708, 0.445015, 0.386478, 0.328595, 0.409494, 0.371606, 0.410285, 0.419101, 0.406635, 0.394904, 0.399354, 0.470759, 0.522476, 0.601661, 0.599877, 0.609372, 0.662894, 0.665261, 0.923412, 0.788409, 0.707123, 0.444564, 0.719408, 0.73536, 0.570122, 0.640207, 0.60674, 0.645919, 0.608361, 0.699006, 0.755348, 0.681773, 0.726011, 0.797078, 0.769005, 0.902201, 1.03872, 0.390091, 0.396941, 0.376152, 0.497519, 0.397977, 0.437161, 0.415707, 0.386797, 0.321822, 0.266822, 0.325594, 0.302868, 0.395741, 0.40945, 0.434213, 0.48483, 0.501701, 1.11184, 0.305905, 0.228437, 0.188908, 0.198309, 0.178653, 0.275704, 0.274897, 0.25439, 0.238453, 0.280443, 0.318308, 0.417873, 0.541185, 0.80851, 0.57392, 0.601625, 0.652667, 1.00119, 0.983384, 0.690148, 0.802966, 0.635437, 0.642104, 0.6861, 0.74303, 0.765059, 0.742917, 0.990336, 0.94641, 0.833108, 0.996857, 0.99226, 0.837238, 0.978, 0.75851, 0.947902, 0.569825, 0.37334, 0.472945, 0.48855, 0.584167, 1.10772, 0.693106, 0.771288, 0.5778, 0.583646, 0.680985, 0.830329, 0.888288, 0.914292, 1.09518, 0.74209, 0.975477, 1.11913, 0.467395, 0.468842, 0.273254, 0.221584, 0.183774, 0.214159, 0.233769, 0.264076, 0.212845, 0.26085, 0.2883, 0.281611, 0.311768, 0.341968, 0.398624, 0.389052, 0.433354, 1.0159, 0.840588, 1.04716, 0.548529, 0.62117, 0.417797, 0.442028, 0.400687, 0.328336, 0.382935, 0.435057, 0.393943, 0.344715, 0.493526, 0.639487, 0.592088, 0.619561, 0.673365, 0.96563, 0.922669, 0.807639, 0.651839, 0.757304, 0.563968, 0.688877, 0.896162, 0.573541, 0.605456, 0.625467, 0.688866, 0.723172, 0.617981, 0.620188, 0.670583, 0.804301, 0.753668, 1.04797, 1.03294, 0.573465, 0.686847, 0.525659, 0.530129, 0.660814, 0.934804, 0.651387, 0.639507, 0.690671, 0.759979, 0.998839, 0.954436, 0.967742, 0.929442, 0.9124, 0.986722, 0.997284, 1.14393, 0.801524, 0.719677, 0.81104, 0.862073, 0.806966, 0.768997, 0.796218, 0.800465, 0.785262, 0.819795, 0.890321, 0.857392, 0.808795, 0.68318, 0.79341, 1.00508, 1.03857, 0.968464, 0.981035, 0.74226, 0.724177, 0.805879, 0.92256, 0.959864, 0.88779, 0.682984, 0.487126, 0.489581, 0.489209, 0.550665, 0.594483, 0.730532, 0.781164, 0.999155, 0.956158, 0.87625, 0.892093, 0.635228, 0.811732, 0.804594, 0.93012, 0.932271, 0.889137, 0.867876, 0.883234, 0.840724, 0.645699, 0.653135, 0.66155, 0.675878, 0.658013, 0.948795, 1.04855, 0.99022, 0.989984, 0.930942, 1.04414, 1.03584, 1.01188, 1.04408, 0.97501, 1.01377, 0.953592, 0.904916, 0.968979, 1.04544, 1.0297, 1.0469, 0.958201, 1.00284, 1.00083, 0.926711, 0.967928, 0.997373, 0.99485, 0.877944, 0.874718, 0.991309, 0.945062, 1.03051, 0.863898, 0.714256, 0.648252, 0.719978, 0.710087, 0.653814, 0.697426, 0.970517, 1.06941, 0.809082, 0.894938, 0.836409, 0.890685, 0.932866, 0.908327, 0.835098, 0.795064, 0.627267, 0.544722, 0.725736, 0.64696, 0.529321, 0.504147, 0.557862, 0.513133, 0.938865, 0.87346, 0.956695, 0.994095, 1.07595, 0.943144, 0.942961, 1.0837, 0.256757, 0.408912, 0.437508, 0.527795, 0.715229, 0.766259, 0.660509, 0.47129, 0.741256, 0.555997, 1.03043, 1.02904, 1.03193, 0.876824, 0.968129, 0.923501, 1.05572, 0.95553, 0.960003, 1.20333, 1.02892, 1.00384, 1.0964, 1.12449, 1.00893, 0.842428, 0.987213, 0.878676, 0.98519, 0.861406, 0.682355, 0.720281, 0.668728, 0.654966, 0.737478, 0.93619, 0.939481, 0.876218, 1.1292, 0.936441, 0.734997, 0.865348, 0.921828, 0.714973, 0.628978, 1.13459, 0.882024, 0.892481, 0.896896, 0.89467, 0.98095, 0.909304, 0.550095, 0.656331, 0.487635, 0.667251, 0.579108, 0.742658, 1.04591, 0.78678, 0.913252, 0.694488, 0.970146, 0.752059, 1.22845, 0.952173, 0.505248, 0.846523, 0.826585, 1.00042, 0.967724, 0.970358, 1.24831, 0.51595, 0.517663, 0.417418, 0.514099, 0.557199, 0.844454, 0.851026, 0.820672, 0.705643, 0.908706, 1.07912, 0.661737, 0.733587, 0.912672, 1.00014, 0.814867, 0.712637, 0.836688, 0.784194, 1.05966, 1.03602, 0.837929, 0.789118, 0.950117, 0.489342, 0.425534, 0.616964, 0.990732, 1.13793, 0.883263, 0.760922, 0.768338, 0.669886, 0.665995, 0.737615, 0.693446, 0.641667, 0.594038, 0.757793, 0.708352, 0.836608, 0.741668, 0.723759, 0.809491, 0.930103, 0.928547, 1.06327, 0.828934, 0.606838, 0.807786, 0.691043, 0.692452, 0.798358, 0.84221, 0.787547, 0.665722, 0.781564, 0.808966, 0.757987, 0.729228, 0.854119, 0.77456, 0.867013, 0.993329, 1.06921, 0.95891, 0.970406, 0.897824, 1.01322, 1.18941, 0.975487, 0.992579, 0.935252, 1.1534, 0.937755, 0.941401, 1.04916, 1.06465, 0.91604, 0.930222, 0.802203, 1.04525, 1.00412, 0.932811, 0.986866, 0.925713, 0.876583, 1.1726, 1.04315, 1.04935, 0.997178, 1.00079, 0.824417, 0.829541, 0.662874, 0.72014, 0.578388, 0.756899, 0.816607, 1.00712, 0.913652, 0.95231, 0.526197, 0.717407, 0.864743, 0.791955, 0.602071, 0.775935, 0.715631, 0.502421, 0.664217, 0.594544, 0.576702, 0.565402, 0.509164, 0.562086, 0.83207, 0.962192, 0.853902, 0.27551, 0.237202, 0.221909, 0.186542, 0.0778246, 0.465044, 0.604268, 0.498318, 0.47138, 0.594149, 0.723145, 0.854267, 0.648607, 0.880532, 0.747959, 1.01879, 0.97076, 1.01327, 1.01395, 1.07261, 1.00457, 0.962527, 0.964391, 0.946855, 1.01473, 0.897513, 0.914055, 1.08225, 1.02894, 0.909779, 0.869896, 0.861176, 1.02679, 1.00828, 1.01913, 0.994045, 0.907664, 0.672407, 0.729176, 1.04958, 1.08449, 1.00777, 1.00484, 0.932202, 1.03913, 0.877779, 0.73862, 0.751049, 0.638875, 0.796522, 0.776175, 0.835929, 1.00866, 1.00672, 0.731433, 0.778229, 0.804958, 0.782449, 0.816087, 0.470515, 0.503686, 0.517879, 0.741385, 0.754167, 0.621609, 0.668019, 0.849038, 0.600783, 0.754785, 0.583826, 0.929569, 0.981185, 0.97222, 0.257162, 0.248025, 0.243542, 0.254844, 0.36601, 0.607964, 0.700334, 0.570184, 0.572537, 0.677986, 0.444836, 0.316543, 0.602673, 0.776609, 0.835967, 1.08515, 0.917549, 0.922838, 0.254574, 0.283848, 0.522468, 0.773464, 0.759056, 0.530558, 0.572829, 0.597446, 0.696329, 0.797508, 0.966651, 0.57386, 0.787235, 0.582738, 0.633215, 0.871066, 3.84816, 1.96648, 4.59378, 4.86659, 0.703837, 3.75311, 2.75148, 0.485486, 0.409172, 0.641506, 0.866105, 3.82319, 3.03254, 3.36523, 5.34627, 5.19289, 0.038903, 3.77907, 4.02669, 3.60444, 4.45961, 4.58906, 0.0200704, 0.469799, 0.509168, 0.47142, 0.531937, 0.41084, 0.506057, 0.517325, 0.635944, 0.581151, 0.545684, 0.546583, 0.43372, 0.441029, 0.473251, 0.453599, 0.362509, 0.713734, 0.46827, 0.515688, 0.373245, 0.63834, 0.464658, 0.0573667, 0.708487, 0.0806409, 1.8016, 1.60987, 0.0114014, 0.0218334, 0.0230292, 0.213107, 0.033292, 0.031047, 0.012348, 0.216449, 0.0414662, 0.0187933, 0.0218224, 0.0282368 ]
}
