
{
  "stepsize" : 0.00233133,
  "metric_type" : "diag_e",
  "inv_metric" : [ 0.966486, 0.424362, 0.384893, 0.304552, 0.336791, 0.352135, 0.390867, 0.377395, 0.419181, 0.391374, 0.41092, 0.435822, 0.487184, 0.578553, 0.587331, 0.620844, 0.616182, 0.641428, 0.948274, 0.799436, 0.736922, 0.388707, 0.756936, 0.75307, 0.615756, 0.564704, 0.556837, 0.55099, 0.552288, 0.600722, 0.649738, 0.739529, 0.744307, 0.783778, 0.766975, 0.779547, 0.942368, 0.408945, 0.346431, 0.32743, 0.391015, 0.366427, 0.38314, 0.359153, 0.411659, 0.333298, 0.272443, 0.301897, 0.321543, 0.385965, 0.382243, 0.381687, 0.440506, 0.461692, 1.06292, 0.281287, 0.214476, 0.168084, 0.171806, 0.174794, 0.245852, 0.294379, 0.245238, 0.247185, 0.26775, 0.31043, 0.417777, 0.563228, 0.812906, 0.670119, 0.628282, 0.680501, 1.05369, 1.01126, 0.714161, 0.689564, 0.628957, 0.603323, 0.625488, 0.749495, 0.841349, 0.829046, 0.79395, 0.857578, 0.813214, 1.02689, 0.914786, 0.820755, 0.91498, 0.968985, 0.911921, 0.491893, 0.363888, 0.463846, 0.458569, 0.578585, 1.0309, 0.797261, 0.630877, 0.590302, 0.647403, 0.647965, 0.882895, 0.976008, 0.871622, 0.95536, 0.863013, 0.923557, 0.964199, 0.456428, 0.480234, 0.272219, 0.185818, 0.17152, 0.196633, 0.20721, 0.237152, 0.215955, 0.24624, 0.258821, 0.268752, 0.318918, 0.328615, 0.36437, 0.372709, 0.394529, 1.07489, 0.949461, 0.907863, 0.568947, 0.573646, 0.439735, 0.44293, 0.390168, 0.337942, 0.377577, 0.451847, 0.401803, 0.346927, 0.515254, 0.576437, 0.519884, 0.575097, 0.614468, 1.03368, 0.848166, 0.84297, 0.580739, 0.737777, 0.589864, 0.638224, 0.799283, 0.597894, 0.591547, 0.634584, 0.654042, 0.67825, 0.64983, 0.664747, 0.727358, 0.719256, 0.651696, 0.833789, 1.21602, 0.632278, 0.689096, 0.59201, 0.612447, 0.643005, 0.866307, 0.680383, 0.561344, 0.748817, 0.769267, 0.973134, 1.02608, 0.925916, 0.876211, 1.07883, 0.946038, 1.00264, 0.98805, 0.849155, 0.644397, 0.754567, 0.726822, 0.781489, 0.741231, 0.758971, 0.826795, 0.878653, 0.761206, 0.770204, 0.79713, 0.756511, 0.690624, 0.845638, 0.961935, 1.00375, 0.983883, 0.83041, 0.652963, 0.717959, 0.786627, 0.908649, 0.990867, 0.843911, 0.584772, 0.490695, 0.424471, 0.371489, 0.549044, 0.560089, 0.708309, 0.818255, 0.917316, 1.02229, 1.0083, 0.803847, 0.690152, 0.81213, 0.731159, 0.843186, 1.05052, 1.04808, 0.781468, 0.678429, 0.812246, 0.725379, 0.682088, 0.622441, 0.665684, 0.631291, 0.953165, 1.01947, 0.971073, 0.976922, 1.03321, 1.00748, 1.04368, 0.917724, 1.03739, 1.07869, 1.0883, 0.921745, 0.993865, 0.883379, 0.958323, 1.01708, 0.993911, 1.01319, 1.12998, 1.07057, 0.913115, 0.931742, 0.959658, 0.842102, 0.849264, 0.796852, 1.00122, 1.0818, 1.17892, 1.00534, 0.769579, 0.69089, 0.747095, 0.753801, 0.687164, 0.790546, 1.01786, 0.99249, 0.726612, 0.966667, 0.817489, 0.903576, 0.899456, 0.701784, 0.886319, 0.847077, 0.668597, 0.547796, 0.719386, 0.670988, 0.516967, 0.494831, 0.643793, 0.472939, 1.1334, 0.847705, 0.813792, 0.936397, 1.02947, 0.963136, 0.92685, 1.08238, 0.245616, 0.43898, 0.382756, 0.458782, 0.719253, 0.664476, 0.592584, 0.461372, 0.749289, 0.456168, 1.13984, 0.925897, 0.960685, 0.905984, 1.05361, 0.907209, 1.02297, 1.00986, 0.956727, 0.853055, 0.982516, 1.02125, 1.23746, 0.891563, 1.01169, 0.980278, 0.871222, 0.926716, 0.937609, 0.891577, 0.773407, 0.705768, 0.724122, 0.57393, 0.842091, 0.968831, 1.04675, 0.954282, 1.12419, 1.10379, 0.797466, 0.845121, 0.946992, 0.698346, 0.630256, 0.94299, 0.88469, 0.860182, 1.03945, 0.745609, 0.864323, 0.856749, 0.562204, 0.648637, 0.467819, 0.686978, 0.548984, 0.742637, 0.89986, 0.754494, 0.796969, 0.723764, 1.01521, 0.843162, 0.912137, 1.08652, 0.559879, 0.929091, 0.857793, 0.873921, 0.889817, 0.991525, 0.941333, 0.50287, 0.519417, 0.409279, 0.545098, 0.549518, 0.681963, 0.943482, 0.870169, 0.749979, 1.02913, 1.0729, 0.672866, 0.720122, 0.93731, 0.902008, 0.831559, 0.587821, 0.83181, 0.844446, 1.13786, 1.0439, 0.924581, 0.753996, 0.865159, 0.591893, 0.420228, 0.571219, 0.900041, 0.97895, 0.834062, 0.695707, 0.644244, 0.697573, 0.655865, 0.652332, 0.708776, 0.700412, 0.675939, 0.69969, 0.660233, 0.721381, 0.7194, 0.725357, 0.766147, 0.847122, 0.953186, 1.00892, 0.774736, 0.719356, 0.860782, 0.804496, 0.914967, 0.802276, 0.762943, 0.879957, 0.631419, 0.793598, 0.670091, 0.94705, 0.684052, 0.846022, 0.760061, 0.880437, 1.05139, 0.962119, 0.961925, 0.988204, 1.07236, 0.914127, 1.18583, 1.00622, 0.928715, 1.06549, 0.90764, 0.928159, 1.05309, 1.00236, 1.05169, 0.997339, 0.857786, 0.862212, 0.910856, 1.05957, 1.00558, 0.932629, 0.942639, 0.855941, 1.04297, 0.985044, 1.09423, 0.988491, 0.900205, 0.780298, 0.780964, 0.62801, 0.71769, 0.588904, 0.812593, 0.978271, 1.1763, 0.928188, 0.869988, 0.607083, 0.843996, 0.839695, 0.663716, 0.641723, 0.747911, 0.674221, 0.525797, 0.606189, 0.563156, 0.65441, 0.587825, 0.496746, 0.619578, 0.824162, 0.90255, 1.01297, 0.301746, 0.231511, 0.230233, 0.217099, 0.054005, 0.469966, 0.617624, 0.426734, 0.44649, 0.588962, 0.728673, 0.771376, 0.586278, 0.93305, 0.691058, 0.886204, 1.01219, 0.944128, 1.01081, 0.967971, 0.940774, 0.922585, 0.97877, 1.00786, 1.01744, 0.904787, 1.0161, 0.981103, 0.949032, 0.923481, 0.930399, 0.955896, 1.06531, 0.983569, 1.03802, 0.899414, 0.977605, 0.67212, 0.686994, 1.05989, 0.967765, 0.925864, 0.991839, 0.978177, 0.962822, 0.974766, 0.802116, 0.692804, 0.603091, 0.730364, 0.871151, 0.884989, 1.00597, 0.889942, 0.77069, 0.743893, 0.812352, 0.767845, 0.799059, 0.559369, 0.542329, 0.467896, 0.753463, 0.695247, 0.605696, 0.704139, 0.795406, 0.700091, 0.724425, 0.73119, 0.912234, 0.978627, 1.08882, 0.256755, 0.243245, 0.229933, 0.259999, 0.357878, 0.599153, 0.632899, 0.641561, 0.509501, 0.656051, 0.395734, 0.308414, 0.512077, 0.678747, 0.831783, 0.996211, 0.998551, 0.987846, 0.261035, 0.256453, 0.542052, 0.765496, 0.72661, 0.506764, 0.483831, 0.61293, 0.731703, 0.663837, 0.898033, 0.699675, 0.764084, 0.535953, 0.658107, 0.853266, 3.57711, 0.829146, 3.593, 4.14796, 1.0794, 3.68543, 3.43045, 1.0241, 0.911629, 1.39845, 0.786157, 3.98899, 4.84374, 5.23766, 2.93849, 4.62069, 0.0400208, 5.20841, 4.93022, 3.17473, 3.74344, 3.6297, 0.0167431, 0.399005, 0.453091, 0.454151, 0.522632, 0.435365, 0.472921, 0.454965, 0.530965, 0.549569, 0.504918, 0.591829, 0.409377, 0.462142, 0.411094, 0.447264, 0.34352, 0.686936, 0.445391, 0.521524, 0.35424, 0.621645, 0.486757, 0.0656164, 0.540807, 0.0832263, 1.64106, 1.65111, 0.0105018, 0.0205574, 0.023527, 0.191229, 0.0338645, 0.0277239, 0.0121254, 0.228009, 0.0509774, 0.0222081, 0.0225849, 0.026752 ]
}
