
{
  "stepsize" : 0.00114132,
  "metric_type" : "diag_e",
  "inv_metric" : [ 0.941591, 0.320316, 0.233602, 0.13724, 0.149653, 0.152942, 0.165547, 0.176723, 0.196953, 0.208744, 0.24286, 0.301504, 0.351984, 0.50508, 0.441904, 0.351272, 0.363864, 0.41674, 1.05755, 0.489677, 0.398712, 0.15964, 0.237173, 0.220126, 0.230953, 0.209462, 0.159888, 0.169237, 0.179933, 0.233462, 0.278157, 0.354599, 0.41394, 0.343823, 0.399321, 0.487153, 0.943797, 0.255121, 0.254499, 0.116846, 0.135486, 0.138712, 0.139461, 0.156975, 0.194745, 0.158243, 0.16156, 0.209478, 0.20595, 0.290208, 0.305856, 0.255926, 0.255439, 0.274832, 1.01271, 0.261792, 0.172819, 0.0823387, 0.0774383, 0.0676281, 0.0770837, 0.058279, 0.0649564, 0.117496, 0.144631, 0.12855, 0.178532, 0.203191, 0.308104, 0.330323, 0.352995, 0.327652, 0.972898, 0.638973, 0.528622, 0.222875, 0.283693, 0.217397, 0.250462, 0.318626, 0.412252, 0.386008, 0.565758, 0.53996, 0.590747, 0.734977, 0.78626, 0.483223, 0.746994, 0.575109, 1.04269, 0.291017, 0.294134, 0.112205, 0.110021, 0.0995443, 0.039028, 0.113723, 0.119453, 0.526743, 0.601005, 0.519553, 0.570506, 0.639291, 0.69881, 0.548394, 0.543445, 0.641937, 1.12313, 0.293561, 0.21689, 0.127112, 0.0752998, 0.065493, 0.0887755, 0.0941595, 0.127023, 0.108908, 0.157041, 0.15549, 0.136929, 0.178425, 0.210362, 0.199545, 0.180073, 0.223609, 0.905845, 0.462682, 0.396103, 0.267994, 0.219906, 0.225288, 0.203747, 0.144982, 0.122944, 0.172685, 0.154048, 0.120161, 0.115421, 0.145972, 0.193813, 0.247324, 0.255463, 0.303063, 0.962228, 0.785251, 0.566994, 0.243598, 0.26861, 0.258388, 0.300218, 0.371588, 0.400309, 0.401156, 0.386337, 0.27631, 0.326296, 0.31545, 0.305872, 0.323284, 0.311874, 0.385241, 0.941588, 0.624579, 0.399885, 0.441249, 0.340623, 0.279623, 0.2695, 0.219, 0.119357, 0.146169, 0.222413, 0.385935, 0.685917, 0.509923, 0.589712, 0.73572, 0.787877, 0.804719, 1.00019, 0.650266, 0.43817, 0.586252, 0.398832, 0.331816, 0.247839, 0.331377, 0.359624, 0.407755, 0.374725, 0.308384, 0.20029, 0.34947, 0.366709, 0.421594, 0.542013, 0.500356, 1.0531, 1.00178, 0.890865, 0.657771, 0.688021, 0.716301, 0.928205, 1.02541, 0.889891, 0.866148, 0.615273, 0.540506, 0.546415, 0.654907, 0.589324, 0.609231, 0.668561, 0.829516, 0.997944, 1.01275, 0.784478, 0.657503, 0.706968, 0.796995, 0.974488, 0.970361, 1.00726, 0.953653, 0.958331, 0.882478, 0.916544, 0.846201, 0.835956, 0.903517, 0.744338, 1.01123, 1.05067, 1.07683, 0.900805, 0.961449, 0.988641, 1.0357, 1.07435, 0.915252, 1.05032, 1.01504, 1.14198, 1.01675, 1.16789, 1.05404, 0.957983, 0.921619, 0.93585, 1.00532, 1.01519, 0.884396, 0.919298, 0.958148, 0.937628, 0.873274, 0.960058, 1.04053, 0.844788, 0.9588, 1.07244, 0.998706, 1.03267, 1.03292, 0.777507, 0.659769, 0.804318, 0.922788, 0.942992, 0.888335, 0.861125, 0.839565, 0.898401, 1.02328, 0.965214, 0.847472, 0.885376, 0.80413, 0.693329, 0.689371, 0.639552, 0.64274, 0.47059, 0.667536, 0.529737, 0.985311, 1.0494, 0.934002, 0.911921, 0.955793, 1.02048, 1.01984, 0.984893, 0.981084, 0.956521, 0.612629, 0.523715, 0.585142, 0.794187, 0.558004, 0.60637, 0.808235, 0.753408, 0.979503, 1.02104, 0.981368, 0.954169, 0.960638, 0.938842, 1.03047, 1.12745, 1.00745, 1.04094, 0.976731, 0.968419, 1.12446, 1.01702, 0.928166, 0.951824, 0.821038, 0.981719, 0.873574, 1.04377, 1.00034, 0.864237, 0.837461, 0.721984, 0.983675, 0.925991, 1.01335, 0.844097, 0.999464, 1.18015, 1.08718, 1.04369, 0.961178, 0.77348, 0.689897, 1.00774, 0.915504, 0.992355, 0.953885, 0.834695, 0.85826, 0.945219, 0.97354, 1.05694, 0.68619, 0.837002, 0.689213, 0.774382, 0.87505, 0.976276, 0.991631, 0.727384, 0.91615, 1.02473, 0.936118, 1.05012, 0.855161, 1.00001, 0.540787, 0.812157, 0.996486, 1.02409, 1.01125, 1.06739, 1.01262, 0.903292, 0.759877, 0.594007, 0.794543, 0.730071, 0.721761, 0.709092, 0.933074, 0.921264, 0.829233, 0.748014, 0.703237, 0.978905, 0.997273, 0.875028, 0.763945, 0.847322, 1.02015, 0.986084, 0.998896, 0.895847, 1.13944, 0.708377, 0.825032, 0.624126, 0.998673, 0.932585, 0.925661, 0.905566, 0.858025, 1.06011, 0.922006, 0.994068, 1.14398, 0.906911, 1.05413, 0.960471, 1.00917, 0.895237, 0.909119, 0.906578, 0.850429, 1.18958, 0.949718, 1.04432, 1.06109, 0.89423, 0.969488, 1.01174, 1.09894, 0.979348, 0.951555, 0.901281, 0.884015, 1.00098, 0.965814, 0.992851, 0.818381, 1.08503, 0.989132, 1.14875, 1.08135, 1.0179, 0.919442, 0.994769, 1.0414, 0.939453, 1.13446, 1.11637, 1.02019, 1.04077, 0.968316, 1.02127, 0.978056, 0.949842, 0.895793, 0.919943, 0.951913, 1.09653, 1.02277, 1.04583, 0.912201, 0.951929, 0.952937, 0.847602, 1.10395, 0.898756, 1.02939, 1.06417, 1.07167, 0.800763, 0.974345, 0.969808, 0.933175, 0.91196, 1.05228, 1.14569, 0.97612, 0.898604, 0.928397, 0.854564, 1.05045, 1.05843, 1.00447, 0.93613, 0.909506, 1.03274, 0.838467, 0.936373, 0.837842, 0.890692, 0.858678, 0.822677, 0.822734, 0.913204, 0.991264, 0.987332, 0.965415, 1.08237, 0.952251, 0.968272, 1.00066, 0.966093, 0.996679, 0.829973, 0.857016, 0.820559, 0.887372, 0.986663, 0.866512, 0.984418, 1.05728, 1.123, 1.00598, 0.845686, 0.877604, 0.989459, 0.993114, 1.05912, 0.829699, 0.964225, 0.993896, 1.01396, 0.951331, 1.01467, 1.05189, 1.0635, 0.919326, 0.944492, 0.944047, 1.0045, 0.977678, 0.98118, 0.91476, 1.1363, 0.95137, 1.03356, 1.00202, 0.984881, 0.964087, 0.990303, 1.02181, 0.857122, 1.01894, 0.999602, 0.999131, 0.943542, 1.02034, 1.09033, 1.02424, 1.01193, 0.900079, 0.965566, 0.923924, 1.03155, 1.02573, 0.934276, 0.866689, 0.963631, 0.985553, 1.09448, 1.0871, 0.889381, 0.987881, 1.07124, 1.01132, 0.946923, 0.980841, 1.01384, 0.916368, 0.916, 1.04127, 1.07402, 1.02433, 1.02633, 0.927568, 0.864834, 0.897904, 0.882598, 0.826925, 0.754398, 0.828212, 0.898377, 0.944181, 1.05203, 0.943603, 1.19288, 1.01209, 1.03125, 0.973242, 0.9618, 0.881332, 0.995204, 0.887376, 0.956796, 1.0786, 0.976669, 0.913158, 1.03853, 1.00345, 0.954934, 0.955485, 0.860975, 0.953275, 4.63512, 2.63193, 4.40389, 3.94082, 1.05712, 3.56153, 3.11855, 2.37594, 1.74182, 1.95737, 0.835941, 4.36418, 3.66093, 4.7223, 4.52348, 2.94783, 5.02994, 4.13587, 3.58577, 4.01574, 4.43429, 3.71677, 0.021584, 0.444037, 0.46349, 0.439888, 0.440035, 0.391925, 0.395598, 0.41808, 0.459958, 0.411732, 0.524523, 0.554477, 0.479375, 0.492578, 0.496858, 0.453514, 0.397735, 0.478424, 0.481553, 0.451461, 0.458502, 0.502376, 0.52489, 0.0841222, 0.679149, 0.0606051, 2.0366, 2.22683, 0.0215402, 0.0317807, 0.0323561, 0.271736, 0.064703, 0.0229523, 0.0381246, 0.347542, 0.0947104, 0.0420773, 0.026609, 0.044584 ]
}
