
{
  "stepsize" : 0.00125768,
  "metric_type" : "diag_e",
  "inv_metric" : [ 0.997429, 0.301815, 0.231466, 0.14132, 0.145749, 0.151733, 0.172488, 0.16963, 0.17878, 0.200892, 0.234119, 0.31008, 0.339937, 0.521855, 0.456461, 0.358686, 0.385564, 0.422136, 0.965682, 0.576358, 0.411956, 0.161222, 0.234413, 0.226136, 0.217858, 0.210835, 0.19073, 0.199287, 0.197184, 0.250021, 0.330997, 0.344739, 0.401744, 0.396842, 0.411707, 0.532871, 1.05741, 0.276687, 0.225143, 0.109446, 0.122679, 0.121252, 0.165389, 0.154759, 0.169173, 0.164386, 0.168395, 0.205782, 0.192414, 0.293745, 0.294434, 0.215196, 0.245819, 0.284701, 1.00552, 0.278718, 0.188236, 0.0857282, 0.0699812, 0.072971, 0.094726, 0.0648523, 0.0624727, 0.125522, 0.137299, 0.126671, 0.172432, 0.233265, 0.326596, 0.32585, 0.29457, 0.295105, 1.11251, 0.673063, 0.478406, 0.22732, 0.248986, 0.204677, 0.255665, 0.314035, 0.335907, 0.446716, 0.577559, 0.571334, 0.560061, 0.786369, 0.71658, 0.610937, 0.660979, 0.544145, 0.902945, 0.312769, 0.334232, 0.127079, 0.113918, 0.101806, 0.0362229, 0.106517, 0.10704, 0.544557, 0.519379, 0.596194, 0.56743, 0.737528, 0.709813, 0.534986, 0.524455, 0.674959, 0.936822, 0.290785, 0.205562, 0.116491, 0.0665002, 0.0630323, 0.0888072, 0.0946662, 0.113923, 0.115501, 0.151136, 0.155199, 0.141835, 0.178517, 0.222775, 0.185802, 0.19208, 0.228956, 0.956667, 0.516518, 0.416381, 0.279127, 0.198395, 0.218371, 0.185212, 0.14724, 0.11007, 0.19132, 0.147012, 0.129727, 0.12191, 0.166691, 0.212695, 0.241466, 0.285688, 0.277295, 0.977973, 0.705355, 0.590845, 0.264292, 0.214147, 0.2121, 0.24898, 0.327474, 0.34156, 0.337507, 0.364566, 0.31158, 0.331197, 0.278401, 0.275371, 0.288828, 0.270541, 0.3286, 1.06999, 0.633963, 0.395841, 0.419077, 0.336429, 0.2822, 0.277195, 0.209205, 0.108145, 0.140642, 0.23268, 0.436962, 0.706336, 0.605254, 0.617223, 0.819002, 0.897025, 0.726556, 1.17983, 0.653649, 0.423037, 0.624412, 0.391003, 0.308084, 0.263106, 0.328331, 0.400969, 0.398864, 0.334352, 0.286283, 0.181902, 0.338408, 0.357454, 0.445132, 0.592738, 0.55496, 1.01392, 0.938305, 0.971884, 0.675718, 0.628922, 0.733257, 0.952406, 0.895232, 0.961897, 0.754853, 0.670816, 0.562578, 0.553344, 0.603928, 0.55604, 0.60266, 0.726117, 0.983568, 1.00087, 1.01583, 0.931986, 0.586748, 0.727183, 0.701406, 0.929787, 0.942594, 1.0462, 1.05352, 0.929484, 0.985572, 1.01136, 0.873188, 0.762545, 0.81579, 0.814161, 0.933148, 0.973799, 1.02912, 1.13599, 0.871253, 0.862228, 0.921676, 0.970615, 0.978232, 0.983085, 1.0005, 1.04112, 0.949922, 1.06837, 1.00013, 0.981491, 0.884043, 1.02159, 0.929892, 1.01166, 0.972369, 0.907675, 0.799451, 0.95267, 1.13164, 0.879997, 1.02055, 1.07471, 1.00294, 0.962858, 1.04002, 1.12841, 0.91228, 0.744839, 0.6755, 0.734818, 0.945184, 0.951637, 0.913373, 0.780663, 0.826007, 0.916828, 0.957262, 0.952629, 0.958837, 0.857667, 0.876033, 0.716815, 0.848623, 0.668132, 0.582487, 0.608654, 0.637184, 0.482582, 1.02791, 1.03602, 0.940868, 1.01416, 0.987247, 0.958244, 1.02657, 0.981051, 1.08396, 0.910145, 0.645111, 0.581466, 0.68537, 0.759911, 0.824478, 0.712794, 0.848139, 0.742047, 1.12793, 1.1111, 0.995535, 0.861068, 0.954383, 0.95529, 1.00135, 0.978094, 0.989914, 0.939211, 0.928963, 1.06255, 1.07883, 1.03026, 0.932146, 0.943814, 0.918175, 1.04427, 1.03281, 0.989918, 1.18104, 0.860868, 0.764944, 0.699505, 0.941562, 0.988118, 0.890539, 0.899634, 0.967915, 1.04434, 1.01655, 1.07629, 1.0776, 0.794244, 0.743668, 0.982077, 0.956262, 1.049, 0.968121, 0.868608, 0.719289, 0.879133, 0.940635, 1.01425, 0.756579, 0.834668, 0.656793, 0.855283, 1.02397, 0.823243, 0.906606, 0.653315, 0.882668, 1.02532, 0.948137, 0.984789, 0.860075, 0.757667, 0.565595, 0.796976, 0.95405, 0.981971, 1.00573, 0.976817, 1.09769, 0.785365, 0.826972, 0.638196, 0.599743, 0.735944, 0.680673, 0.700107, 1.04472, 0.988617, 0.834376, 0.844614, 0.778328, 0.977645, 1.02802, 0.833525, 0.843249, 0.829442, 0.830924, 0.981524, 1.00986, 1.00754, 0.886457, 0.861931, 0.864014, 0.671283, 0.971371, 1.07784, 0.92277, 0.893196, 0.941243, 0.916862, 1.07606, 1.0457, 0.967306, 0.958618, 0.965342, 0.900936, 0.889498, 1.04554, 0.87495, 0.938627, 0.89661, 0.999749, 0.851291, 0.999814, 0.97323, 0.768595, 0.97271, 0.973065, 0.933401, 0.858438, 0.993468, 0.947786, 0.959494, 1.01947, 0.951229, 0.98501, 0.859624, 0.928704, 0.980285, 0.833185, 1.01589, 1.0256, 0.822647, 0.945282, 1.02348, 0.906391, 0.853891, 0.929965, 0.912724, 1.11082, 0.976195, 0.88813, 1.20908, 1.06421, 0.919317, 1.12347, 0.957379, 1.07911, 0.90907, 0.983741, 0.865917, 0.936429, 0.893109, 0.908962, 0.913434, 0.976578, 1.06949, 0.902897, 1.02889, 0.9666, 0.983661, 0.90162, 0.848598, 0.905906, 0.947801, 1.00659, 0.997774, 1.07562, 0.902585, 0.910203, 1.04242, 0.967206, 0.86597, 0.992935, 0.953125, 0.915496, 0.94385, 0.82615, 0.903819, 1.02176, 0.809402, 0.784663, 0.741854, 0.89243, 0.936384, 0.965962, 1.0821, 0.945426, 0.900972, 1.03893, 0.980915, 1.05238, 0.981145, 0.792795, 0.815644, 0.946842, 1.07761, 0.884452, 0.939236, 0.848079, 0.96676, 0.966814, 0.908547, 0.921283, 0.924186, 0.995802, 0.966245, 1.0247, 0.942916, 0.987676, 1.00648, 0.869854, 0.91724, 0.927536, 0.9017, 0.932394, 0.962614, 1.02059, 0.95332, 0.898481, 0.976662, 0.958557, 1.06672, 1.11159, 0.948603, 1.01584, 0.906008, 0.888618, 1.12077, 0.91172, 1.10218, 0.999931, 1.0057, 0.891494, 1.05015, 1.03877, 1.0565, 0.86374, 1.01135, 0.974253, 0.992601, 0.884374, 0.936861, 0.925796, 1.00731, 0.912409, 0.874026, 0.841627, 0.87997, 1.04561, 0.943419, 0.812514, 1.04819, 1.08895, 0.892511, 0.943036, 0.882221, 0.959565, 0.950451, 0.894672, 0.920611, 0.977756, 1.03218, 1.03478, 0.943654, 0.926089, 0.96396, 0.864589, 0.870747, 1.00499, 0.894665, 0.976429, 0.906679, 0.836455, 0.975291, 0.979218, 0.986049, 1.17847, 1.14327, 0.886127, 1.0268, 0.897739, 1.01449, 0.924985, 0.987628, 1.19071, 0.971785, 0.943163, 0.988927, 0.988593, 0.946695, 0.998699, 0.995208, 3.28456, 4.1968, 4.37178, 4.29211, 1.39844, 4.6567, 3.35283, 3.54824, 1.33827, 2.17457, 1.3247, 3.60911, 5.23205, 4.46727, 4.95894, 3.30662, 4.74892, 4.39164, 4.65063, 3.50892, 4.99699, 6.1045, 0.0169079, 0.464863, 0.452576, 0.491026, 0.454506, 0.408762, 0.454161, 0.44328, 0.429293, 0.408216, 0.473784, 0.523678, 0.43435, 0.467891, 0.464335, 0.451703, 0.485241, 0.429795, 0.424906, 0.455702, 0.482212, 0.554745, 0.543273, 0.0799747, 0.619573, 0.0457192, 1.88108, 2.11307, 0.0198966, 0.0268784, 0.031639, 0.212386, 0.0556967, 0.0228493, 0.0335242, 0.319675, 0.0766504, 0.0424674, 0.0234432, 0.0447158 ]
}
