
{
  "stepsize" : 0.00137687,
  "metric_type" : "diag_e",
  "inv_metric" : [ 0.841796, 0.352182, 0.232843, 0.126025, 0.134277, 0.144046, 0.14861, 0.172355, 0.168375, 0.184678, 0.191738, 0.275648, 0.381226, 0.534685, 0.46302, 0.334856, 0.348289, 0.411876, 0.996632, 0.549644, 0.38853, 0.148434, 0.218463, 0.233216, 0.236098, 0.18971, 0.193753, 0.189988, 0.194491, 0.244614, 0.29424, 0.359063, 0.403772, 0.377972, 0.42621, 0.528149, 0.972848, 0.292146, 0.230572, 0.0981621, 0.117928, 0.110973, 0.137344, 0.140098, 0.143259, 0.139546, 0.150915, 0.195435, 0.239055, 0.281294, 0.266527, 0.243643, 0.261455, 0.301438, 0.980404, 0.274547, 0.195348, 0.0891518, 0.0672594, 0.0646252, 0.0725368, 0.0646403, 0.0617841, 0.109702, 0.142628, 0.132758, 0.170846, 0.208148, 0.276897, 0.336089, 0.302309, 0.334269, 0.951857, 0.662409, 0.527659, 0.209199, 0.278115, 0.219602, 0.266384, 0.319982, 0.399085, 0.459365, 0.639846, 0.53817, 0.534718, 0.717042, 0.747335, 0.50538, 0.61981, 0.621653, 1.04994, 0.394835, 0.332296, 0.112632, 0.113615, 0.101414, 0.0334904, 0.0938473, 0.106672, 0.525211, 0.64764, 0.540846, 0.52571, 0.691265, 0.710605, 0.591171, 0.540611, 0.670456, 0.871448, 0.3147, 0.211292, 0.123595, 0.0686158, 0.0680736, 0.0837456, 0.091014, 0.107337, 0.0928223, 0.145891, 0.154245, 0.167363, 0.180117, 0.192254, 0.212672, 0.209277, 0.218156, 1.08942, 0.568937, 0.373529, 0.261153, 0.232943, 0.236822, 0.182953, 0.135746, 0.123854, 0.165735, 0.153577, 0.126056, 0.112314, 0.153294, 0.202021, 0.237114, 0.262455, 0.260288, 1.07705, 0.789825, 0.570577, 0.215721, 0.254006, 0.250899, 0.277247, 0.348814, 0.402062, 0.389084, 0.380184, 0.260603, 0.305985, 0.300953, 0.298703, 0.321001, 0.289191, 0.383218, 0.883387, 0.655437, 0.372333, 0.389767, 0.354004, 0.241975, 0.248921, 0.204123, 0.104568, 0.125206, 0.23709, 0.426647, 0.747788, 0.567948, 0.520319, 0.729682, 0.92205, 0.796426, 1.04923, 0.607164, 0.365782, 0.533089, 0.436644, 0.302502, 0.263417, 0.339093, 0.367515, 0.373208, 0.336575, 0.323804, 0.200937, 0.376313, 0.359284, 0.422212, 0.622109, 0.569163, 0.985723, 1.11709, 1.03232, 0.68207, 0.633598, 0.748002, 0.898699, 0.833533, 0.937558, 0.803679, 0.65362, 0.583542, 0.551548, 0.663457, 0.612087, 0.570381, 0.73288, 0.963114, 0.968436, 0.933103, 0.888438, 0.780864, 0.671586, 0.857406, 0.900248, 0.968066, 0.969955, 0.999775, 1.0337, 0.973096, 0.825416, 0.907385, 0.817591, 0.789066, 0.857354, 1.03776, 0.894731, 0.776602, 0.908084, 0.973688, 0.873525, 1.05346, 1.02724, 1.08011, 1.06301, 1.05796, 1.03519, 1.03681, 1.1946, 1.18736, 0.782433, 0.77317, 0.82986, 0.946971, 0.865617, 0.950453, 0.96637, 1.02773, 0.882341, 0.93677, 0.99718, 0.937572, 0.906624, 1.00533, 1.1003, 1.1133, 1.03879, 0.966394, 0.756437, 0.640969, 0.80987, 1.01782, 0.936015, 0.825383, 0.924812, 0.906454, 0.940851, 0.941569, 0.798513, 0.920144, 0.746379, 0.763667, 0.720451, 0.680276, 0.583536, 0.644651, 0.557928, 0.569117, 0.515058, 0.986941, 1.08971, 0.848979, 0.997515, 1.06318, 1.10991, 1.10833, 0.96678, 1.01658, 0.966008, 0.615633, 0.551403, 0.583831, 0.685826, 0.724996, 0.648271, 0.812344, 0.759752, 0.856103, 1.04117, 1.03764, 0.941275, 1.01955, 1.01506, 1.05892, 0.938245, 1.07579, 1.10474, 1.07473, 1.06375, 0.977664, 1.00158, 0.949913, 1.00521, 0.997313, 0.770166, 1.0231, 0.912252, 1.05524, 0.87456, 0.883153, 0.75182, 0.837031, 1.00855, 1.01148, 0.793558, 0.970297, 1.02128, 1.08883, 1.06524, 0.931465, 0.851506, 0.769115, 0.995989, 1.12444, 0.990161, 1.09102, 0.828307, 0.851243, 0.954911, 0.959859, 1.01653, 0.738234, 0.820209, 0.710844, 0.75086, 1.03111, 0.981617, 0.881669, 0.732689, 1.0742, 0.983578, 0.904152, 0.951873, 0.822083, 0.887176, 0.566511, 0.747363, 0.858747, 1.0723, 1.04692, 1.1545, 1.07231, 0.754753, 0.767485, 0.581805, 0.579368, 0.788586, 0.76933, 0.716586, 1.18005, 1.13211, 0.878903, 0.796936, 0.826613, 0.92578, 0.937711, 0.919237, 0.875689, 0.770159, 0.898589, 1.05595, 1.03513, 1.00767, 0.871341, 0.734416, 0.748657, 0.667244, 1.1447, 1.02907, 1.05452, 1.00149, 0.946141, 0.928975, 1.12072, 1.01211, 0.9001, 0.932352, 0.959727, 0.925117, 0.903502, 0.845169, 0.97351, 0.873412, 0.828781, 0.973628, 0.922335, 0.929146, 0.936708, 0.984024, 1.06262, 1.02605, 0.95765, 0.943187, 1.12934, 0.942098, 1.00697, 0.929689, 0.970823, 0.929888, 0.868285, 0.938555, 1.01895, 0.965208, 1.07411, 0.970062, 1.07553, 0.998172, 1.02328, 1.01406, 1.02198, 1.0232, 0.915205, 0.993963, 1.0698, 0.844415, 0.866716, 1.0098, 0.988299, 1.03135, 0.96792, 1.00245, 0.85429, 0.879511, 1.00537, 0.959983, 0.868504, 0.867696, 1.07957, 0.846628, 1.00874, 0.943265, 1.08166, 0.950833, 1.01445, 0.939349, 0.934467, 0.81303, 0.938605, 0.931325, 0.957236, 0.839466, 1.02753, 0.910239, 0.983465, 0.94529, 0.968248, 0.811985, 0.837382, 0.936601, 0.867223, 0.863503, 0.949957, 0.804735, 0.960945, 0.776797, 0.888433, 0.968435, 1.05991, 1.07087, 1.02916, 1.08816, 0.948892, 1.04153, 0.902419, 0.997497, 0.925363, 0.840084, 0.800341, 0.807241, 0.981615, 0.938271, 1.00208, 0.98467, 0.909813, 0.863995, 0.91251, 0.955077, 0.848983, 1.01874, 0.851597, 0.962311, 1.13228, 1.14213, 1.0106, 0.988476, 1.04358, 0.972643, 0.94925, 0.982093, 0.900067, 0.97437, 0.896058, 1.02604, 1.02243, 0.929085, 1.0041, 0.958877, 0.824898, 1.13829, 0.94238, 0.918629, 0.941384, 0.959419, 1.03853, 0.998464, 0.907217, 0.984494, 0.892991, 1.01773, 1.02146, 1.04602, 0.971077, 1.02138, 0.967885, 0.949163, 0.979, 1.02995, 1.02018, 0.901783, 0.943124, 0.941485, 1.0956, 0.968636, 0.907254, 0.995427, 0.962005, 1.12248, 0.991795, 0.974232, 0.94771, 1.15457, 0.916384, 0.823272, 1.08211, 1.06455, 1.11904, 0.932142, 1.0389, 0.916242, 0.912917, 1.00181, 0.798795, 0.785155, 0.796742, 0.951776, 0.923236, 0.7727, 0.934983, 1.0723, 0.968555, 1.04376, 1.04207, 0.904181, 1.02846, 0.946635, 0.927447, 1.08137, 1.01094, 0.979693, 1.06807, 0.983426, 0.888453, 1.04872, 1.03712, 0.892287, 1.12817, 3.9649, 2.76419, 3.82392, 4.37841, 1.65088, 3.8794, 3.91177, 3.87328, 1.67943, 3.03392, 1.03653, 3.82396, 4.14425, 4.66577, 4.93653, 3.36727, 4.20791, 4.18946, 4.3212, 3.49223, 4.19119, 4.23633, 0.0126877, 0.434877, 0.475672, 0.438008, 0.447085, 0.372131, 0.476851, 0.511991, 0.449809, 0.513538, 0.52346, 0.625929, 0.442294, 0.451626, 0.474845, 0.489014, 0.409995, 0.470913, 0.509509, 0.532255, 0.465799, 0.556465, 0.506457, 0.0833514, 0.607941, 0.0422333, 1.88528, 1.96854, 0.024327, 0.0300722, 0.0350308, 0.238582, 0.0607727, 0.0218546, 0.0333262, 0.323022, 0.100226, 0.0447568, 0.0243198, 0.0418281 ]
}
