
{
  "stepsize" : 0.00228208,
  "metric_type" : "diag_e",
  "inv_metric" : [ 0.895638, 0.504979, 0.368521, 0.302428, 0.349187, 0.354176, 0.395491, 0.381856, 0.417073, 0.375532, 0.40823, 0.411231, 0.558339, 0.591616, 0.566717, 0.677846, 0.6293, 0.644126, 1.02967, 0.864148, 0.717289, 0.452348, 0.710644, 0.657015, 0.698804, 0.536239, 0.549121, 0.490006, 0.567877, 0.61056, 0.66028, 0.678497, 0.77726, 0.741335, 0.822738, 0.828949, 0.848651, 0.374069, 0.35321, 0.323382, 0.443108, 0.396001, 0.403273, 0.338949, 0.386006, 0.311531, 0.262402, 0.260211, 0.343448, 0.402889, 0.40111, 0.428584, 0.435939, 0.534563, 1.02956, 0.316014, 0.251251, 0.18807, 0.163428, 0.151201, 0.225731, 0.287418, 0.231592, 0.238634, 0.255341, 0.298406, 0.373988, 0.453021, 0.708541, 0.614016, 0.658725, 0.63616, 0.945968, 0.812641, 0.735963, 0.728572, 0.554352, 0.485904, 0.621392, 0.727671, 0.806182, 0.725356, 0.857356, 0.839476, 0.875559, 0.923826, 0.975107, 0.812278, 0.940174, 0.76861, 0.903499, 0.48687, 0.380288, 0.409128, 0.438715, 0.505162, 1.31233, 0.771466, 0.694396, 0.596429, 0.585571, 0.667459, 0.794078, 0.941771, 0.857246, 0.96193, 0.911251, 0.965, 0.955904, 0.440586, 0.394153, 0.286412, 0.182102, 0.175545, 0.184882, 0.221133, 0.253125, 0.208713, 0.267989, 0.264904, 0.283464, 0.304656, 0.292086, 0.393893, 0.382494, 0.384075, 0.971148, 0.911911, 0.997371, 0.528214, 0.519724, 0.428477, 0.436523, 0.338713, 0.30881, 0.354142, 0.383812, 0.358332, 0.292757, 0.455583, 0.466728, 0.50855, 0.602129, 0.581639, 0.923321, 0.95411, 0.878741, 0.620696, 0.740708, 0.591393, 0.663829, 0.80424, 0.575033, 0.647294, 0.635727, 0.680498, 0.662975, 0.616213, 0.558496, 0.647741, 0.780327, 0.692906, 0.933914, 1.06017, 0.581232, 0.716381, 0.527376, 0.558587, 0.579945, 0.871561, 0.671273, 0.595969, 0.647898, 0.733566, 1.03323, 0.915659, 1.00446, 0.937414, 0.997603, 0.915422, 0.983721, 0.932338, 0.779764, 0.613354, 0.664039, 0.765354, 0.77488, 0.789879, 0.713957, 0.690637, 0.781221, 0.748353, 0.791046, 0.822785, 0.71719, 0.590668, 0.733792, 0.839216, 0.999915, 0.931172, 0.905138, 0.803033, 0.821604, 0.774579, 0.882802, 0.909532, 0.843369, 0.784986, 0.491935, 0.470502, 0.421426, 0.577966, 0.522515, 0.771362, 0.687894, 0.978236, 1.02449, 0.979323, 0.855305, 0.556295, 0.698956, 0.803421, 0.851082, 0.967401, 0.920319, 0.875881, 0.822422, 0.8938, 0.753858, 0.771972, 0.690512, 0.719281, 0.683306, 1.01411, 1.12715, 0.953326, 1.00222, 0.907706, 1.05323, 1.01127, 0.903952, 1.08362, 0.974834, 1.09422, 0.950554, 0.985631, 0.897165, 1.05628, 0.986161, 0.930643, 1.08078, 0.918522, 1.1038, 0.819388, 0.982568, 0.873701, 0.924253, 0.861397, 0.951836, 0.940305, 1.02436, 1.02122, 1.04892, 0.860317, 0.777498, 0.850172, 0.723491, 0.671651, 0.782458, 1.18073, 1.02253, 0.717621, 0.882848, 0.857511, 0.797067, 0.830139, 0.895128, 0.841315, 0.836272, 0.70602, 0.637379, 0.710049, 0.647817, 0.518799, 0.509135, 0.651139, 0.538737, 1.01128, 1.08331, 0.834146, 1.05663, 0.998896, 1.00588, 0.99423, 1.10047, 0.250089, 0.449817, 0.389073, 0.509869, 0.721098, 0.627596, 0.752731, 0.45309, 0.744138, 0.612264, 1.03213, 1.07788, 0.976386, 0.911336, 0.946432, 0.992506, 0.959929, 0.934151, 1.03756, 0.99185, 1.00889, 0.95588, 1.12634, 1.11589, 0.909042, 1.00199, 0.863439, 0.845668, 1.04552, 0.970701, 0.828405, 0.747224, 0.780322, 0.663958, 0.851143, 0.88984, 0.953964, 0.89774, 1.05556, 1.02022, 0.889385, 1.04068, 0.95406, 0.737182, 0.645052, 0.943868, 1.0271, 1.057, 0.967734, 0.771687, 1.00848, 0.979223, 0.690656, 0.68493, 0.512268, 0.770457, 0.470824, 0.712344, 0.92626, 0.745218, 0.812446, 0.721569, 1.05132, 0.797251, 0.925919, 1.00854, 0.499236, 0.939707, 0.773228, 0.911708, 0.986905, 1.09655, 1.09307, 0.445761, 0.471719, 0.383572, 0.546639, 0.58644, 0.689556, 0.97842, 0.80663, 0.706309, 0.994184, 0.844097, 0.582096, 0.654974, 0.878071, 1.01809, 0.844437, 0.66099, 0.932222, 0.87429, 1.04522, 1.1118, 0.820686, 0.866196, 0.886729, 0.427627, 0.441606, 0.547964, 1.12792, 1.11676, 0.853374, 0.712453, 0.607272, 0.718204, 0.708028, 0.663873, 0.689612, 0.802954, 0.69437, 0.738958, 0.654213, 0.777976, 0.746117, 0.712031, 0.773728, 0.899807, 0.986722, 1.01479, 0.81564, 0.599289, 0.770137, 0.758489, 0.850768, 0.807043, 0.823377, 0.803037, 0.831543, 0.755852, 0.825379, 0.925096, 0.707748, 0.986659, 0.757295, 0.80668, 1.01927, 0.847873, 0.870182, 0.993593, 1.06674, 1.01201, 0.974588, 0.872709, 0.795996, 0.92084, 1.00195, 0.898487, 0.924675, 1.01956, 1.04841, 0.985602, 0.898772, 0.978053, 1.03705, 1.04389, 0.908922, 1.0011, 1.02586, 0.968414, 0.95556, 1.11214, 1.02801, 0.95862, 0.980269, 0.77125, 0.818006, 0.616509, 0.675353, 0.644277, 0.856148, 0.860282, 0.936535, 0.909422, 0.919218, 0.642574, 0.762559, 0.725624, 0.777077, 0.606355, 0.706736, 0.723461, 0.578094, 0.734298, 0.595784, 0.550111, 0.541234, 0.566607, 0.603456, 0.868851, 0.996297, 0.981172, 0.282045, 0.207719, 0.223074, 0.222067, 0.0639971, 0.421845, 0.578467, 0.445615, 0.475202, 0.556812, 0.790698, 0.927675, 0.661456, 0.864053, 0.797695, 0.933589, 1.07772, 0.88131, 0.85953, 1.0321, 0.946469, 0.863594, 0.995497, 0.885631, 1.0405, 0.947089, 0.919327, 1.00578, 0.851952, 0.877096, 0.862554, 0.936221, 0.922083, 1.05659, 0.960099, 1.01293, 0.871427, 0.724949, 0.716384, 0.954479, 0.946837, 0.975376, 0.994688, 0.968943, 0.991582, 0.848462, 0.788764, 0.796964, 0.640905, 0.765234, 0.876889, 0.836527, 1.00967, 0.992225, 0.871553, 0.782773, 0.806497, 0.783112, 0.748802, 0.480307, 0.592261, 0.542216, 0.70859, 0.758171, 0.771888, 0.773575, 0.79375, 0.609374, 0.737331, 0.714746, 0.954691, 1.01045, 1.06842, 0.292977, 0.269042, 0.221897, 0.253811, 0.373672, 0.679918, 0.771075, 0.605137, 0.614016, 0.604237, 0.388669, 0.319712, 0.562657, 0.688675, 0.822856, 0.902333, 1.00266, 0.779528, 0.28063, 0.223702, 0.548867, 0.787197, 0.790442, 0.505341, 0.46356, 0.727049, 0.853127, 0.76222, 0.867259, 0.664292, 0.671617, 0.616782, 0.653226, 1.01409, 4.19646, 2.31049, 4.45913, 4.50358, 0.821317, 3.77455, 3.94461, 1.25401, 1.26005, 1.15999, 0.724976, 4.00688, 3.76936, 3.91868, 4.28732, 3.68044, 0.0381076, 3.77885, 5.88625, 3.76256, 4.26872, 3.74101, 0.0152289, 0.452603, 0.538612, 0.481092, 0.53547, 0.43363, 0.50185, 0.426605, 0.584564, 0.522195, 0.705892, 0.640612, 0.425003, 0.444846, 0.499757, 0.446621, 0.366174, 0.726664, 0.436189, 0.50171, 0.378228, 0.670639, 0.490768, 0.0711625, 0.673095, 0.0898333, 1.7134, 1.70543, 0.0119443, 0.0194729, 0.0235399, 0.232405, 0.0381108, 0.0278341, 0.0119334, 0.344279, 0.0548119, 0.0223022, 0.0202294, 0.0261088 ]
}
