
{
  "stepsize" : 0.00130003,
  "metric_type" : "diag_e",
  "inv_metric" : [ 1.09049, 0.733172, 0.0846013, 0.0880786, 0.108518, 0.114242, 0.124443, 0.139502, 0.12919, 0.15825, 0.15308, 0.217262, 0.22011, 0.254694, 0.291946, 0.266041, 0.314119, 0.283549, 0.779668, 0.776237, 0.0956327, 0.116855, 0.139429, 0.122759, 0.094157, 0.0747029, 0.0900198, 0.0993494, 0.10732, 0.143003, 0.218761, 0.206243, 0.257657, 0.226482, 0.309911, 0.265254, 1.00556, 0.510532, 0.134765, 0.141993, 0.13507, 0.125676, 0.103605, 0.0881662, 0.0973265, 0.0910361, 0.0870427, 0.107502, 0.136129, 0.15652, 0.195409, 0.228984, 0.183295, 0.139972, 0.910328, 0.48823, 0.0593966, 0.0590576, 0.0358877, 0.0402311, 0.049571, 0.0399978, 0.0868672, 0.0753617, 0.0874389, 0.119356, 0.16164, 0.196276, 0.203412, 0.23233, 0.223039, 0.217426, 1.10504, 0.553453, 0.126191, 0.0897045, 0.0546909, 0.0572025, 0.0732736, 0.0869401, 0.132309, 0.19732, 0.198423, 0.237352, 0.30728, 0.319348, 0.307127, 0.34464, 0.388677, 0.335506, 0.868106, 0.434241, 0.135506, 0.0547265, 0.0268611, 0.0403124, 0.021143, 0.0938533, 0.19859, 0.289985, 0.302875, 0.284942, 0.361791, 0.28119, 0.26012, 0.21697, 0.333928, 0.24155, 1.0099, 0.677946, 0.0652908, 0.116367, 0.0757122, 0.0556771, 0.0880618, 0.0949329, 0.0947833, 0.0695551, 0.0905443, 0.119892, 0.0952862, 0.129858, 0.165605, 0.21754, 0.194971, 0.188388, 0.954364, 1.04602, 0.208818, 0.197476, 0.140469, 0.160352, 0.152543, 0.0837609, 0.097585, 0.138105, 0.139276, 0.122728, 0.139585, 0.19457, 0.226486, 0.228453, 0.209474, 0.19817, 1.02633, 0.964745, 0.17486, 0.178267, 0.184437, 0.155208, 0.172596, 0.237845, 0.299759, 0.321029, 0.23061, 0.235173, 0.219372, 0.1988, 0.260532, 0.250991, 0.255342, 0.20234, 0.913267, 0.440997, 0.302473, 0.227625, 0.207208, 0.123415, 0.104192, 0.08039, 0.0486609, 0.109446, 0.171795, 0.235518, 0.269126, 0.348837, 0.395997, 0.344801, 0.34977, 0.341308, 0.984251, 0.737964, 0.321902, 0.472207, 0.23443, 0.0523463, 0.136238, 0.26754, 0.24817, 0.22036, 0.132007, 0.120681, 0.115784, 0.284956, 0.313413, 0.260104, 0.284168, 0.410304, 0.993977, 0.866016, 0.797686, 0.828902, 0.787348, 0.930481, 0.991017, 1.00706, 0.915943, 0.912847, 0.849056, 0.848187, 0.854729, 0.907534, 0.763566, 0.87543, 0.825582, 0.990255, 0.998752, 0.952527, 0.878748, 0.841943, 0.887929, 0.914146, 0.86011, 0.96883, 0.959389, 0.965006, 0.896837, 0.942358, 0.811858, 0.925278, 0.917017, 0.863996, 0.842094, 0.935913, 1.04372, 0.974152, 0.958232, 0.951335, 0.853781, 0.919854, 1.03153, 0.980322, 1.0173, 1.08495, 0.892878, 1.06421, 0.967911, 0.878697, 0.790956, 0.788294, 0.849857, 0.990475, 0.961991, 1.01675, 1.1173, 1.0514, 0.993047, 0.874297, 0.99422, 0.959306, 0.967847, 0.965195, 1.01291, 0.921749, 0.856116, 0.810292, 0.760197, 0.826144, 0.921748, 0.991041, 1.01685, 0.952561, 0.950554, 1.14976, 0.929418, 0.988332, 0.981358, 0.982003, 0.920521, 0.996789, 0.835997, 0.812529, 0.92261, 0.828309, 0.761137, 0.892846, 0.860017, 0.991974, 1.05861, 1.00424, 0.925817, 0.972003, 1.02549, 1.00598, 1.10311, 0.95792, 0.790768, 0.80031, 0.676565, 0.904555, 0.862801, 0.969981, 0.85602, 0.93453, 0.892224, 0.981779, 0.931217, 1.03276, 0.787195, 1.0709, 0.975531, 0.953047, 1.12126, 0.983576, 0.93693, 1.0133, 1.05493, 1.04813, 1.04962, 0.740442, 0.85121, 0.80356, 0.901015, 0.949299, 0.927902, 0.800159, 0.790799, 0.869446, 0.871913, 1.02714, 1.08714, 0.9491, 1.00166, 0.998931, 1.1884, 1.21583, 0.963619, 0.855974, 0.796797, 0.772182, 1.04123, 1.07262, 1.13009, 0.928662, 0.7726, 0.88105, 1.03079, 0.956274, 0.902478, 0.825059, 0.899372, 0.884089, 0.80389, 1.05458, 0.944522, 0.905644, 0.861751, 1.05518, 1.11141, 1.07166, 0.986474, 0.838397, 0.781361, 1.0234, 0.93084, 1.05782, 1.01384, 0.950951, 1.0797, 0.994814, 1.06849, 0.925418, 0.767451, 0.756953, 0.990452, 0.884553, 0.821721, 1.14329, 0.845214, 0.854665, 0.80267, 0.889509, 0.972721, 1.2007, 0.84831, 0.820307, 0.934611, 0.982594, 1.05795, 1.18815, 0.986961, 1.10967, 1.10892, 1.06701, 0.794137, 0.946038, 0.775027, 0.775286, 4.83901, 1.93803, 1.13461, 1.36955, 1.59596, 2.19017, 0.83224, 2.34115, 1.76903, 0.0232743, 0.373955, 0.29835, 0.4243, 0.357203, 0.322112, 0.299839, 0.359337, 0.384152, 0.315775, 0.314396, 0.553794, 0.510833, 0.593552, 0.0640496, 1.54802, 0.104769, 0.0123839, 0.0101515, 0.0814729, 0.0165333, 0.00885402, 0.00714611, 0.0272456, 0.0188248, 0.0107864, 0.0073676, 0.0140187 ]
}
