
{
  "stepsize" : 0.00208174,
  "metric_type" : "diag_e",
  "inv_metric" : [ 0.943914, 0.675996, 0.0879457, 0.0818081, 0.10823, 0.131712, 0.113231, 0.114383, 0.124989, 0.152914, 0.200235, 0.189163, 0.255272, 0.314049, 0.303678, 0.310921, 0.347948, 0.355384, 0.96112, 0.753579, 0.0755288, 0.11899, 0.152165, 0.157095, 0.108713, 0.100193, 0.0954529, 0.105694, 0.125288, 0.175471, 0.245638, 0.226545, 0.241235, 0.272852, 0.345956, 0.292495, 1.01619, 0.47025, 0.124838, 0.150205, 0.133208, 0.127138, 0.107961, 0.0785219, 0.101585, 0.0989791, 0.0826715, 0.109008, 0.153962, 0.171702, 0.194933, 0.215428, 0.194917, 0.186783, 0.836157, 0.557311, 0.0630674, 0.0379542, 0.0294418, 0.0354131, 0.0439269, 0.0333147, 0.071803, 0.0795219, 0.092664, 0.121542, 0.170236, 0.217177, 0.223424, 0.259706, 0.251979, 0.207259, 0.661311, 0.609679, 0.136211, 0.130797, 0.0568617, 0.0621771, 0.0842328, 0.11299, 0.137042, 0.207226, 0.282014, 0.189638, 0.299842, 0.352054, 0.30756, 0.29404, 0.39775, 0.3027, 0.891059, 0.491759, 0.147086, 0.0526756, 0.0286237, 0.0388822, 0.0205068, 0.0881559, 0.202199, 0.302402, 0.317647, 0.245861, 0.342673, 0.316971, 0.344333, 0.241262, 0.333472, 0.221941, 1.13629, 0.725582, 0.075563, 0.126756, 0.0570069, 0.0609558, 0.0729762, 0.0817907, 0.0870321, 0.0756452, 0.0908717, 0.131272, 0.109331, 0.13357, 0.183841, 0.197501, 0.204064, 0.154106, 0.974802, 0.973938, 0.205732, 0.219927, 0.21058, 0.159845, 0.183796, 0.098103, 0.0945764, 0.139757, 0.121407, 0.102241, 0.132134, 0.185615, 0.244051, 0.224173, 0.23305, 0.198073, 1.01948, 0.930806, 0.183257, 0.153024, 0.218291, 0.169298, 0.217648, 0.261432, 0.271604, 0.384869, 0.193046, 0.262031, 0.241602, 0.171151, 0.200958, 0.237925, 0.273233, 0.209373, 1.06245, 0.483889, 0.319229, 0.221061, 0.172344, 0.112338, 0.113165, 0.0780188, 0.0496839, 0.122203, 0.236093, 0.287568, 0.294537, 0.319194, 0.392955, 0.388811, 0.411113, 0.342227, 1.0487, 0.822765, 0.315917, 0.486444, 0.221624, 0.0455595, 0.149503, 0.251908, 0.287116, 0.2137, 0.134112, 0.127019, 0.108956, 0.266235, 0.291817, 0.218418, 0.292218, 0.342769, 0.927719, 1.03382, 0.765359, 0.860184, 0.79776, 0.874819, 0.863053, 0.985224, 0.997371, 1.00126, 0.808929, 0.807712, 0.825516, 0.860825, 0.752898, 0.855601, 0.877239, 0.827785, 0.939356, 0.840941, 1.01466, 0.87276, 0.863896, 0.985847, 1.07514, 1.0514, 0.903148, 0.962027, 0.954181, 0.888939, 0.894798, 0.76802, 0.811066, 0.911063, 0.816095, 0.946179, 1.0853, 1.06796, 0.910052, 1.03992, 1.18626, 1.07333, 0.807206, 0.995422, 1.13719, 0.93545, 1.06517, 1.11679, 0.838114, 0.850094, 0.922963, 0.771167, 0.933745, 0.929208, 1.01257, 0.961765, 0.962291, 0.932051, 0.970166, 0.886629, 0.925821, 0.962984, 1.12974, 0.844768, 0.884157, 0.966558, 0.923539, 0.793235, 0.727935, 0.772194, 0.772072, 1.0025, 1.06299, 1.10922, 1.05646, 0.945583, 0.917033, 0.766, 0.960547, 0.873954, 0.848297, 1.06789, 0.76871, 0.789035, 0.76557, 0.826376, 0.719958, 0.774158, 0.876687, 1.0326, 0.971483, 0.865886, 0.914865, 0.913772, 0.898739, 1.07808, 1.08662, 1.00768, 0.728581, 0.636019, 0.59763, 0.97434, 0.80556, 0.996622, 0.876127, 0.803011, 0.881545, 1.22768, 0.914691, 1.18522, 0.880229, 0.958193, 0.996676, 0.902238, 0.916726, 1.12371, 0.942068, 0.960058, 1.03643, 1.10952, 0.994186, 0.949109, 0.945776, 0.859284, 0.879563, 0.894679, 0.926401, 0.903203, 0.860671, 0.974626, 0.724951, 1.0532, 0.988619, 0.841728, 0.914009, 1.15004, 1.03679, 1.23371, 1.05553, 0.86908, 0.866711, 0.753577, 1.15869, 0.972349, 0.870688, 1.05939, 0.709917, 1.00466, 0.939037, 1.06631, 0.911327, 0.854062, 0.953763, 0.810456, 0.80416, 1.05737, 0.902018, 0.787533, 0.976532, 1.12473, 1.04867, 0.897389, 0.900415, 0.877802, 0.79291, 0.943835, 0.846475, 1.00738, 1.05223, 1.10508, 1.08291, 1.1228, 0.9867, 0.872074, 0.652517, 0.681416, 0.844923, 0.968053, 0.773791, 0.927758, 0.797759, 1.04845, 0.75292, 1.09854, 0.965272, 1.21339, 0.815648, 0.895125, 0.923263, 0.885418, 1.20466, 1.12315, 1.03159, 1.1467, 1.14003, 1.13633, 0.67031, 0.958617, 0.780479, 0.627147, 3.29191, 2.21809, 1.07271, 2.1364, 1.47632, 1.24504, 0.880397, 3.21234, 1.34336, 0.0317662, 0.331696, 0.30847, 0.385249, 0.311851, 0.338504, 0.345061, 0.365697, 0.430101, 0.374763, 0.277605, 0.468956, 0.626578, 0.610188, 0.0701561, 1.35265, 0.112093, 0.0101012, 0.0103734, 0.0671785, 0.0137782, 0.00854302, 0.00777809, 0.01767, 0.0150611, 0.0112966, 0.00865432, 0.0127173 ]
}
