
{
  "stepsize" : 0.00165627,
  "metric_type" : "diag_e",
  "inv_metric" : [ 1.06014, 0.816736, 0.0891334, 0.102138, 0.102118, 0.125903, 0.128243, 0.146264, 0.130875, 0.199922, 0.226894, 0.247847, 0.295122, 0.304022, 0.392485, 0.292456, 0.340887, 0.310299, 0.972106, 0.847315, 0.102866, 0.103464, 0.133808, 0.156048, 0.106336, 0.104838, 0.109462, 0.138278, 0.171818, 0.19289, 0.250631, 0.269906, 0.282401, 0.276646, 0.331517, 0.293476, 1.03694, 0.444313, 0.138026, 0.148329, 0.145772, 0.133283, 0.110965, 0.0924545, 0.114172, 0.112717, 0.116472, 0.151488, 0.17293, 0.179465, 0.250872, 0.183851, 0.170238, 0.168081, 0.960229, 0.526844, 0.065555, 0.0543905, 0.0429778, 0.0478552, 0.0602637, 0.046464, 0.0903693, 0.0938786, 0.108764, 0.153487, 0.166036, 0.269536, 0.203268, 0.269434, 0.218965, 0.238322, 0.853166, 0.575341, 0.138377, 0.129332, 0.0714077, 0.0725023, 0.090846, 0.109959, 0.161624, 0.210604, 0.233899, 0.211235, 0.34252, 0.361305, 0.342514, 0.337736, 0.44234, 0.355146, 1.03571, 0.430965, 0.153662, 0.0628878, 0.0407711, 0.0583572, 0.0282713, 0.10784, 0.256444, 0.370204, 0.396634, 0.304009, 0.362294, 0.359577, 0.361246, 0.267187, 0.391864, 0.280167, 1.05263, 0.699721, 0.0731241, 0.129742, 0.0814274, 0.0534426, 0.0875566, 0.0967652, 0.100411, 0.0858224, 0.104924, 0.13567, 0.11422, 0.136177, 0.187277, 0.228197, 0.220584, 0.207867, 0.991778, 0.90833, 0.197635, 0.206587, 0.168227, 0.187123, 0.174176, 0.110572, 0.0951712, 0.148611, 0.149546, 0.139441, 0.150061, 0.189103, 0.227467, 0.229882, 0.222622, 0.250883, 0.850567, 0.863924, 0.211138, 0.188558, 0.230228, 0.167093, 0.19784, 0.282734, 0.255129, 0.385745, 0.241563, 0.303958, 0.234683, 0.247866, 0.264266, 0.24749, 0.266624, 0.249018, 0.912831, 0.606392, 0.319485, 0.235873, 0.206595, 0.137181, 0.112498, 0.0822257, 0.055751, 0.117703, 0.236556, 0.306655, 0.312392, 0.434732, 0.420983, 0.452469, 0.358723, 0.426476, 0.981976, 0.686502, 0.304398, 0.483856, 0.257565, 0.0508166, 0.14715, 0.258303, 0.212232, 0.222054, 0.145635, 0.13955, 0.135202, 0.306581, 0.375514, 0.31087, 0.331594, 0.398921, 1.06866, 0.875156, 0.902565, 0.836102, 0.880952, 0.877814, 0.921818, 0.851591, 0.957425, 0.997141, 0.807774, 0.869273, 0.807262, 0.899022, 0.661875, 0.818576, 0.866785, 1.05827, 0.976711, 0.981664, 0.74807, 0.811021, 0.856294, 0.863231, 0.945942, 0.849196, 0.928528, 1.09101, 0.98114, 0.805904, 1.06339, 0.810541, 0.88154, 0.734216, 0.765067, 0.978049, 0.974049, 1.06506, 0.774588, 1.04852, 1.00183, 0.95164, 1.0391, 0.967121, 1.04095, 0.844486, 0.92746, 0.890986, 0.902925, 0.909041, 0.907918, 0.863603, 0.755365, 1.14583, 0.982989, 0.942685, 1.04665, 1.10585, 1.28815, 1.05477, 1.02143, 1.05197, 1.1202, 1.01028, 0.986615, 0.840056, 1.08767, 0.725663, 0.748009, 0.800404, 0.75266, 0.895601, 0.946614, 0.889933, 1.00712, 1.06706, 0.839489, 0.971984, 1.12832, 0.902988, 0.907466, 0.990939, 0.785529, 0.695129, 0.732373, 0.800502, 0.710949, 0.957041, 1.00314, 1.04163, 1.10545, 0.956359, 0.832694, 1.00125, 1.11092, 1.1316, 1.04822, 0.978583, 0.770721, 0.791568, 0.826551, 0.931859, 0.948312, 1.0358, 0.90839, 1.13419, 0.807863, 0.789283, 1.06335, 0.995532, 0.996456, 1.04444, 0.955323, 0.90607, 0.975492, 0.976731, 1.007, 0.93913, 1.21399, 1.09999, 0.979769, 0.896946, 0.794838, 0.948928, 0.807816, 0.922555, 1.15807, 0.893207, 0.768698, 0.905502, 0.853098, 1.06953, 0.969129, 0.922815, 0.873788, 0.816308, 1.19824, 1.04889, 0.89298, 0.788988, 0.80593, 0.803175, 0.903645, 1.10146, 1.06094, 1.0597, 0.851846, 0.99435, 1.05131, 0.935684, 0.981928, 0.807153, 0.83299, 0.819733, 0.909595, 1.02095, 0.939842, 0.857928, 0.750054, 1.04306, 1.09937, 0.969934, 0.962677, 0.965247, 0.79916, 1.02976, 0.950443, 1.0186, 0.984354, 1.09077, 1.0545, 0.960325, 1.17977, 0.826356, 0.739374, 0.734224, 0.854971, 0.81879, 1.11204, 1.02107, 1.04616, 0.822241, 0.69928, 1.13266, 1.08938, 0.910143, 0.927901, 0.845817, 0.996865, 0.97904, 1.07395, 0.998177, 0.816886, 1.13755, 1.17422, 1.07914, 0.82826, 1.08168, 1.14065, 1.38935, 1.43197, 1.46066, 1.24207, 1.25433, 2.29013, 1.89966, 2.10558, 2.83732, 2.4016, 0.0263756, 0.366259, 0.346828, 0.417243, 0.339298, 0.31865, 0.332324, 0.354772, 0.408722, 0.451268, 0.339454, 0.498001, 0.502451, 0.55758, 0.0749116, 1.78254, 0.111382, 0.00988616, 0.0110231, 0.0596096, 0.0126047, 0.00801306, 0.00887635, 0.0229282, 0.0147086, 0.0112762, 0.00952963, 0.013091 ]
}
