
{
  "stepsize" : 0.00188523,
  "metric_type" : "diag_e",
  "inv_metric" : [ 0.813073, 0.825179, 0.0901078, 0.0879391, 0.0900585, 0.10375, 0.0980068, 0.106795, 0.129357, 0.157537, 0.157416, 0.194117, 0.235163, 0.291678, 0.291314, 0.246269, 0.301531, 0.264979, 0.924386, 0.870795, 0.112445, 0.097138, 0.135302, 0.139988, 0.0941934, 0.0693094, 0.120958, 0.11494, 0.108603, 0.138778, 0.216205, 0.200493, 0.249018, 0.218656, 0.261751, 0.272271, 1.09346, 0.569842, 0.115521, 0.12934, 0.115061, 0.107982, 0.0936909, 0.0729872, 0.0813676, 0.0877188, 0.0908265, 0.10575, 0.136649, 0.151936, 0.193112, 0.191889, 0.192666, 0.162501, 0.963557, 0.537956, 0.0705019, 0.0553643, 0.032536, 0.0445938, 0.0524884, 0.0403382, 0.074461, 0.0690841, 0.086791, 0.100832, 0.154224, 0.231616, 0.187711, 0.241271, 0.226243, 0.211806, 1.07528, 0.554095, 0.120796, 0.089933, 0.0488666, 0.06736, 0.0831207, 0.108878, 0.133088, 0.174566, 0.220979, 0.212658, 0.330628, 0.327157, 0.284806, 0.298528, 0.37287, 0.293461, 0.927182, 0.406005, 0.134973, 0.048945, 0.0260547, 0.0323143, 0.022832, 0.0913134, 0.212438, 0.257796, 0.232975, 0.280001, 0.286298, 0.261026, 0.227691, 0.215169, 0.305451, 0.193259, 0.974179, 0.615131, 0.0630277, 0.127424, 0.0828301, 0.0534982, 0.0874283, 0.0692815, 0.0893258, 0.0961591, 0.0821865, 0.121638, 0.0908249, 0.118255, 0.185526, 0.186249, 0.194956, 0.176788, 1.14764, 1.01578, 0.198524, 0.217579, 0.17569, 0.173808, 0.160773, 0.0877324, 0.100524, 0.127431, 0.116622, 0.11023, 0.120973, 0.184254, 0.208465, 0.219224, 0.210224, 0.207116, 1.07804, 1.07303, 0.195203, 0.172412, 0.180177, 0.163657, 0.166104, 0.210701, 0.299122, 0.277468, 0.220721, 0.258559, 0.188454, 0.189307, 0.211202, 0.24131, 0.250395, 0.182217, 1.09321, 0.56792, 0.346547, 0.236376, 0.205083, 0.147156, 0.100592, 0.0833105, 0.0661841, 0.129511, 0.175457, 0.25945, 0.278821, 0.375332, 0.381804, 0.33235, 0.316407, 0.338998, 0.808053, 0.644539, 0.287746, 0.383747, 0.255866, 0.0509021, 0.148787, 0.278519, 0.223768, 0.230057, 0.161804, 0.117007, 0.128916, 0.302085, 0.296804, 0.219385, 0.280108, 0.401019, 0.833137, 0.974034, 0.894003, 0.809642, 0.835599, 0.836007, 0.953091, 0.946495, 0.994308, 0.863319, 0.814357, 0.843017, 0.917497, 0.770212, 0.765374, 0.956177, 0.818197, 0.924446, 1.16431, 1.03835, 0.768658, 0.697427, 0.997482, 0.883328, 0.883424, 1.06434, 1.00863, 1.08092, 0.884959, 1.09219, 0.942358, 0.817699, 0.771795, 0.900119, 0.723234, 0.658007, 0.971147, 0.792903, 0.840348, 0.896274, 1.08602, 0.934999, 0.912159, 0.904332, 1.09626, 0.970684, 0.843625, 1.00643, 0.864071, 0.866145, 0.675239, 0.84419, 0.985897, 0.89785, 0.905384, 0.931412, 1.11036, 0.986577, 0.87396, 1.06894, 1.12201, 0.935974, 1.04232, 1.06538, 0.915848, 1.14048, 0.886406, 0.753313, 0.831342, 0.777282, 0.949301, 0.911883, 1.07693, 0.87426, 0.851284, 0.993301, 1.09797, 0.950776, 1.18049, 0.937729, 0.978845, 1.01321, 0.828221, 0.772245, 0.865715, 0.893291, 0.761549, 0.846185, 0.776259, 1.07514, 0.902694, 1.0183, 1.15018, 1.05158, 0.948411, 1.03193, 1.05496, 0.881014, 0.756417, 0.720109, 0.786095, 0.900791, 0.840707, 0.811535, 0.870141, 0.837117, 0.81762, 0.985069, 1.15329, 1.01719, 0.895745, 0.96162, 0.995756, 0.905911, 0.831605, 1.03808, 1.02781, 1.04843, 1.05229, 1.10737, 0.940292, 0.85494, 0.763446, 0.908038, 0.919456, 0.963181, 0.852705, 0.929988, 0.788567, 0.976223, 0.812366, 1.09887, 1.03161, 1.02897, 0.977605, 1.01763, 1.11256, 1.12293, 0.881386, 0.882959, 0.76256, 1.04363, 1.1135, 0.916481, 0.977125, 1.02152, 0.85674, 0.972991, 1.06735, 1.02348, 0.90428, 0.827576, 0.872813, 0.879475, 0.929735, 0.930585, 1.005, 0.83643, 0.863608, 1.01824, 1.13031, 0.881018, 0.993856, 1.01513, 0.866024, 0.968861, 1.0715, 1.11896, 1.02554, 1.15879, 1.15202, 1.08841, 1.06141, 0.837834, 0.828824, 0.803988, 0.861682, 0.903885, 0.807256, 0.814801, 0.917132, 0.860916, 0.854349, 0.878508, 0.786279, 1.11614, 0.827721, 0.864256, 1.03397, 1.19065, 1.21123, 1.08468, 0.885688, 1.21437, 1.11183, 1.08537, 0.817317, 1.0211, 1.46825, 1.14194, 3.46346, 1.96182, 1.00674, 1.37429, 1.86565, 2.84803, 1.9683, 2.56048, 1.45873, 0.0219527, 0.330196, 0.280356, 0.39165, 0.301481, 0.340919, 0.266851, 0.41136, 0.39178, 0.253993, 0.33905, 0.436729, 0.43551, 0.562504, 0.061703, 2.13762, 0.0942652, 0.00985527, 0.00836041, 0.0511826, 0.00913084, 0.00885325, 0.00841611, 0.0196244, 0.0114393, 0.0103749, 0.00946011, 0.0125066 ]
}
