
{
  "stepsize" : 0.00171393,
  "metric_type" : "diag_e",
  "inv_metric" : [ 1.09975, 0.341265, 0.0840335, 0.0756646, 0.0929249, 0.0845923, 0.0913745, 0.0869361, 0.104637, 0.109925, 0.131257, 0.177105, 0.298153, 0.284366, 0.208538, 0.201784, 0.199027, 0.225567, 0.83678, 0.720903, 0.107806, 0.119213, 0.130874, 0.134698, 0.0917688, 0.0867324, 0.0842868, 0.110513, 0.11057, 0.165007, 0.196114, 0.179775, 0.236968, 0.228699, 0.293641, 0.267097, 1.11222, 0.369174, 0.0787912, 0.0701021, 0.0650674, 0.0595316, 0.067412, 0.0636804, 0.0691367, 0.0649325, 0.0753416, 0.103842, 0.136519, 0.164516, 0.240746, 0.253175, 0.216158, 0.177092, 0.985739, 0.353857, 0.0752361, 0.066032, 0.045164, 0.0572133, 0.0620944, 0.0635906, 0.177163, 0.13963, 0.125621, 0.126095, 0.184883, 0.250084, 0.246732, 0.257207, 0.234964, 0.216035, 1.00242, 0.700321, 0.148233, 0.117082, 0.0666302, 0.0839494, 0.102828, 0.128486, 0.159333, 0.208979, 0.231089, 0.261104, 0.320411, 0.344797, 0.357439, 0.324386, 0.45239, 0.306356, 0.962499, 0.425251, 0.170442, 0.0808192, 0.0409954, 0.0695388, 0.0255921, 0.0958675, 0.417472, 0.529374, 0.388078, 0.363131, 0.361407, 0.330171, 0.339595, 0.297973, 0.28132, 0.224334, 0.92219, 0.526321, 0.0464534, 0.102769, 0.0529973, 0.0576806, 0.0669962, 0.0687733, 0.0905397, 0.0774022, 0.0925248, 0.11245, 0.100354, 0.130643, 0.190286, 0.173817, 0.152791, 0.161251, 1.14878, 1.00812, 0.282066, 0.214645, 0.131621, 0.182057, 0.124785, 0.108071, 0.109866, 0.150897, 0.128935, 0.106799, 0.104333, 0.183787, 0.246267, 0.207018, 0.196373, 0.18716, 1.10726, 0.908726, 0.193327, 0.210303, 0.173853, 0.135211, 0.208453, 0.276995, 0.386104, 0.262577, 0.214284, 0.196604, 0.160088, 0.172461, 0.18498, 0.223083, 0.189293, 0.153515, 1.00507, 0.620302, 0.33706, 0.241398, 0.22509, 0.128693, 0.0963176, 0.0801562, 0.0544061, 0.152189, 0.226347, 0.316998, 0.322667, 0.358955, 0.447607, 0.440365, 0.344903, 0.377671, 0.997633, 0.527688, 0.27784, 0.414338, 0.235315, 0.0371905, 0.108375, 0.252735, 0.241482, 0.178095, 0.136458, 0.0923894, 0.0986545, 0.28618, 0.298807, 0.252617, 0.332415, 0.391859, 1.08991, 0.903237, 0.808887, 0.84309, 0.765356, 0.87264, 0.983522, 1.0329, 0.815201, 1.02956, 0.901102, 0.906907, 0.9647, 0.755035, 0.769955, 0.762404, 0.807278, 0.956092, 0.930026, 0.780615, 0.962738, 0.747379, 0.955711, 0.876959, 0.924025, 0.882019, 0.981363, 0.954082, 0.960051, 0.961159, 0.921164, 1.01131, 0.767393, 0.896875, 0.923698, 0.825193, 0.956582, 0.967548, 0.914016, 0.929959, 0.875066, 0.958415, 1.02843, 0.870288, 0.92314, 1.03721, 0.975082, 1.20148, 0.861697, 0.997088, 0.879482, 0.889441, 1.03961, 0.999167, 1.04955, 1.07714, 1.09667, 0.810531, 1.00508, 0.895265, 0.959679, 1.10861, 1.02093, 1.17997, 1.13638, 1.17056, 1.11286, 0.979338, 0.843675, 0.924476, 0.793009, 0.927818, 0.917561, 0.819249, 0.835249, 0.895351, 0.824794, 0.958452, 0.965262, 0.939529, 0.892306, 0.946965, 0.832625, 0.831216, 0.886834, 0.848139, 0.773415, 0.830271, 0.817126, 0.80418, 1.1329, 0.794507, 0.962379, 0.966018, 0.97577, 1.13604, 1.05748, 0.971004, 1.04388, 0.776302, 0.736842, 0.847844, 0.951633, 1.07601, 0.839539, 0.89861, 0.840457, 0.844874, 0.985466, 0.834149, 0.893932, 0.866876, 1.0317, 0.977176, 0.855375, 1.04063, 1.10587, 1.03752, 1.02174, 0.906207, 1.12091, 0.986479, 0.924958, 0.879444, 0.839099, 0.911981, 1.01752, 0.837084, 0.851868, 0.896513, 0.917144, 0.82727, 0.855206, 1.06696, 1.01324, 0.899941, 0.956619, 1.13173, 0.964685, 0.92167, 0.800648, 0.873126, 1.12188, 0.969627, 1.06755, 0.974149, 0.889314, 0.865589, 0.914021, 0.930624, 1.01631, 0.685453, 0.877182, 0.97286, 0.983892, 0.897453, 0.989202, 0.824174, 0.895742, 0.999081, 0.870977, 1.02649, 0.76353, 0.935791, 0.998541, 1.10602, 1.01002, 0.889336, 0.982708, 0.965669, 1.08416, 0.974256, 1.0371, 0.698636, 0.679271, 0.822836, 0.951233, 0.835605, 0.816236, 0.913743, 1.06563, 0.750875, 0.739903, 1.01108, 0.942376, 0.980029, 0.821442, 0.93307, 0.995518, 0.988386, 1.08202, 0.9823, 0.918655, 1.06031, 0.957459, 1.15151, 0.771063, 1.02536, 4.73564, 3.33101, 3.75246, 4.28789, 1.13042, 4.79148, 6.69249, 2.1346, 2.27911, 3.30736, 2.38581, 0.055126, 0.4663, 0.448306, 0.47954, 0.401682, 0.358851, 0.441277, 0.477583, 0.393787, 0.357989, 0.406425, 0.535657, 0.177294, 0.460005, 0.0875655, 1.67084, 0.0334336, 0.0293798, 0.0297144, 0.126335, 0.0378654, 0.0153503, 0.0207897, 0.112018, 0.0523959, 0.0435866, 0.0184751, 0.0212249 ]
}
