
{
  "stepsize" : 0.00180051,
  "metric_type" : "diag_e",
  "inv_metric" : [ 0.949862, 0.387246, 0.090888, 0.0931355, 0.099028, 0.113023, 0.0962704, 0.122612, 0.133306, 0.136449, 0.197562, 0.238177, 0.400049, 0.288702, 0.290012, 0.281239, 0.247654, 0.244908, 0.921173, 0.732022, 0.108769, 0.12879, 0.172093, 0.136731, 0.0925935, 0.120972, 0.0966345, 0.140656, 0.142273, 0.163359, 0.250488, 0.236162, 0.276722, 0.262789, 0.313584, 0.285294, 1.17946, 0.463155, 0.0795792, 0.0708986, 0.0765202, 0.0666426, 0.0685117, 0.0708495, 0.0893744, 0.0800172, 0.0882934, 0.143599, 0.192082, 0.185377, 0.215842, 0.222371, 0.184781, 0.148559, 0.932663, 0.335556, 0.0804243, 0.0680125, 0.0498915, 0.0478047, 0.0706416, 0.0580493, 0.153835, 0.120212, 0.119821, 0.108862, 0.196984, 0.271122, 0.280485, 0.291031, 0.257713, 0.241389, 1.08946, 0.689398, 0.163506, 0.194148, 0.100946, 0.101871, 0.13194, 0.198298, 0.214422, 0.339923, 0.372015, 0.271593, 0.497889, 0.454202, 0.420048, 0.374848, 0.49525, 0.286944, 1.05312, 0.487762, 0.19867, 0.0799835, 0.0444468, 0.0591631, 0.0266288, 0.110205, 0.397375, 0.39684, 0.433159, 0.359085, 0.392616, 0.393291, 0.413229, 0.278663, 0.348909, 0.22618, 0.981529, 0.435712, 0.0511432, 0.137747, 0.051166, 0.0630182, 0.0812731, 0.073179, 0.0830512, 0.0699862, 0.0906173, 0.115451, 0.127393, 0.151765, 0.193516, 0.194875, 0.172579, 0.154875, 1.04385, 0.873018, 0.335072, 0.238192, 0.15968, 0.170613, 0.147425, 0.116227, 0.125406, 0.164495, 0.129616, 0.104038, 0.126708, 0.210973, 0.2441, 0.223972, 0.223822, 0.182556, 1.04543, 0.895449, 0.168251, 0.206931, 0.218506, 0.177518, 0.214826, 0.322391, 0.303793, 0.263866, 0.218124, 0.240038, 0.210252, 0.223454, 0.217749, 0.239418, 0.240943, 0.225653, 0.897554, 0.715501, 0.295062, 0.215856, 0.189693, 0.121149, 0.128845, 0.0964973, 0.0640066, 0.143791, 0.253707, 0.375081, 0.399025, 0.450017, 0.549061, 0.47432, 0.395647, 0.391631, 0.905236, 0.707425, 0.370142, 0.44011, 0.238566, 0.0567436, 0.160885, 0.32093, 0.325171, 0.304735, 0.162198, 0.138204, 0.136056, 0.282272, 0.37509, 0.358335, 0.435893, 0.469248, 0.970326, 0.97526, 0.776524, 0.738551, 0.859237, 0.754317, 1.04281, 0.934096, 0.960795, 1.00631, 0.844515, 0.958537, 0.814408, 0.824475, 0.960724, 0.755316, 0.785597, 1.01472, 0.844799, 0.868818, 0.79073, 0.759639, 0.843159, 0.897312, 0.98145, 0.928341, 0.949142, 1.06084, 0.900315, 0.812241, 0.822887, 0.854341, 0.720317, 0.814618, 0.770492, 1.0772, 0.950979, 1.02947, 0.963566, 0.94555, 1.08199, 0.921133, 0.897922, 0.786229, 0.847512, 1.16308, 1.07491, 1.00379, 0.907709, 0.850186, 0.764416, 0.969256, 1.13556, 0.953021, 0.995582, 0.964277, 0.997911, 0.976247, 0.76951, 0.97078, 1.04219, 0.846248, 1.04634, 1.00481, 0.832516, 1.08373, 0.996872, 0.838973, 0.957578, 0.893824, 0.824291, 1.02059, 0.878938, 0.792346, 1.07877, 1.0111, 0.952198, 0.899214, 1.06202, 0.823316, 0.959279, 0.86976, 0.691508, 0.836167, 0.76058, 0.708565, 0.690316, 0.706604, 0.671318, 0.896016, 1.12652, 0.97782, 1.13018, 0.97792, 0.898778, 0.917671, 0.936235, 1.08012, 0.64728, 0.80504, 0.733529, 0.835061, 0.857164, 0.851006, 0.916242, 0.869723, 0.805278, 0.982061, 0.998651, 0.880068, 0.87759, 0.912567, 0.955557, 1.02557, 0.977934, 0.913863, 0.872526, 0.864174, 1.00142, 1.16425, 0.941846, 0.937999, 0.754386, 0.765604, 0.935887, 0.993488, 1.00526, 0.916557, 0.755405, 0.865136, 0.843933, 0.78945, 0.875127, 1.10134, 0.827051, 1.003, 1.15483, 0.983972, 0.918591, 0.822428, 0.65215, 0.81234, 1.08455, 0.854961, 0.920868, 0.909485, 0.994911, 1.0134, 1.09584, 1.03194, 1.00466, 0.757597, 0.893971, 0.957374, 0.832902, 0.8172, 0.902255, 0.978407, 0.705969, 1.13125, 1.03132, 1.00898, 0.995732, 0.869651, 0.729621, 0.848066, 1.00129, 0.938179, 1.04698, 1.039, 1.03443, 1.0374, 1.03769, 0.807603, 0.661111, 0.760791, 0.895032, 0.751154, 0.732905, 0.974888, 0.87648, 0.863175, 0.666776, 1.02914, 1.12138, 1.18153, 0.913573, 1.03517, 0.961772, 1.02864, 1.20585, 1.0397, 0.870791, 0.991762, 1.09915, 0.864181, 0.721383, 0.989783, 3.10687, 2.91963, 4.16634, 3.5046, 1.24883, 4.09762, 2.31999, 1.86567, 1.54584, 4.21288, 1.59525, 0.0439816, 0.465148, 0.359633, 0.470399, 0.437984, 0.422267, 0.374812, 0.397056, 0.470361, 0.417609, 0.405943, 0.678971, 0.146231, 0.377434, 0.0907762, 1.35897, 0.0310693, 0.0275556, 0.0263308, 0.127495, 0.0478858, 0.0165849, 0.0192751, 0.142157, 0.0534607, 0.0293543, 0.01955, 0.0252179 ]
}
