
{
  "stepsize" : 0.00140638,
  "metric_type" : "diag_e",
  "inv_metric" : [ 1.03301, 0.758735, 0.0895596, 0.0959681, 0.1078, 0.124367, 0.133455, 0.135806, 0.119341, 0.193175, 0.198142, 0.256913, 0.286518, 0.355638, 0.296841, 0.314226, 0.35003, 0.298073, 0.921026, 0.855045, 0.120503, 0.119643, 0.137755, 0.139249, 0.118761, 0.105445, 0.111132, 0.13594, 0.144334, 0.157705, 0.235751, 0.226844, 0.285502, 0.275954, 0.365476, 0.337005, 0.884432, 0.514211, 0.142701, 0.161398, 0.150567, 0.135919, 0.12254, 0.0981712, 0.108591, 0.101748, 0.0954439, 0.125184, 0.164944, 0.204513, 0.249149, 0.243788, 0.232114, 0.174987, 0.950193, 0.470373, 0.0761542, 0.0591318, 0.0418986, 0.0463621, 0.0645042, 0.0513126, 0.124485, 0.106526, 0.0986574, 0.131493, 0.165385, 0.26493, 0.222092, 0.2285, 0.206083, 0.225971, 1.09064, 0.630746, 0.145402, 0.126539, 0.068992, 0.0887475, 0.0921255, 0.127101, 0.169824, 0.203987, 0.281162, 0.23556, 0.336965, 0.361854, 0.364063, 0.339241, 0.396754, 0.304084, 0.945377, 0.449789, 0.139392, 0.065746, 0.0291136, 0.0463007, 0.0236069, 0.0995941, 0.275776, 0.307429, 0.317571, 0.301318, 0.397398, 0.343597, 0.372436, 0.24926, 0.38287, 0.263577, 0.795136, 0.641028, 0.0696355, 0.128194, 0.0942434, 0.0607543, 0.0865713, 0.0822754, 0.0950344, 0.102521, 0.107789, 0.132963, 0.119199, 0.141782, 0.182638, 0.197242, 0.201595, 0.186078, 0.884307, 0.990266, 0.261297, 0.200504, 0.183861, 0.165231, 0.195525, 0.104252, 0.109664, 0.144629, 0.150149, 0.125723, 0.15091, 0.2248, 0.261206, 0.23269, 0.218041, 0.275398, 0.983683, 0.964341, 0.170799, 0.181476, 0.200111, 0.184034, 0.208941, 0.244757, 0.292663, 0.311157, 0.182616, 0.269116, 0.24686, 0.220293, 0.268701, 0.288523, 0.310488, 0.268835, 0.880661, 0.556746, 0.32346, 0.272611, 0.19237, 0.138095, 0.111634, 0.0822387, 0.0547241, 0.114848, 0.230432, 0.268092, 0.281687, 0.366895, 0.455277, 0.483448, 0.38993, 0.338303, 0.921359, 0.715387, 0.310724, 0.388704, 0.211677, 0.0488845, 0.15851, 0.237194, 0.270035, 0.212776, 0.143729, 0.116602, 0.120743, 0.305396, 0.337829, 0.267686, 0.343361, 0.390633, 0.967259, 0.899915, 0.885621, 0.776669, 0.894848, 0.989451, 0.915258, 0.854686, 1.04609, 0.96438, 0.822901, 0.84826, 0.909345, 0.812707, 0.751075, 0.847198, 0.879134, 1.04952, 0.899637, 0.951386, 0.863897, 0.675775, 0.773448, 0.882229, 1.10757, 0.970721, 1.00665, 1.0668, 0.795977, 0.837375, 0.873459, 0.804915, 0.84552, 1.00151, 0.86827, 0.99141, 1.00799, 0.987518, 0.913298, 1.05157, 0.940111, 0.979097, 1.12734, 0.91325, 0.890577, 0.899634, 0.865563, 1.01975, 0.967316, 0.945484, 0.713674, 0.782199, 0.828279, 0.974418, 0.994022, 1.01038, 1.04062, 0.888267, 1.03078, 0.980959, 1.12543, 1.03731, 1.04919, 1.06979, 0.92203, 0.9172, 0.998284, 0.738804, 0.733579, 0.742392, 0.85683, 1.05415, 1.08893, 0.859303, 0.971356, 0.921592, 1.15252, 0.953789, 0.967629, 0.9709, 0.867254, 0.970727, 0.786115, 0.740125, 0.892453, 0.794759, 0.732138, 0.861704, 0.676271, 1.08201, 0.98846, 0.898739, 0.907534, 0.915697, 0.928778, 1.01883, 1.01697, 1.02585, 0.754519, 0.674891, 0.713536, 0.838239, 0.991982, 0.969554, 0.75834, 1.00536, 0.857071, 0.981389, 0.919601, 0.937483, 0.8249, 1.16842, 0.932743, 0.826385, 1.01946, 0.893346, 0.96375, 1.0086, 0.932885, 1.17941, 0.857851, 0.814214, 0.825237, 0.910554, 0.763834, 1.04804, 0.959704, 0.888207, 0.734815, 0.962894, 0.813551, 0.94396, 0.909155, 0.970176, 0.934993, 1.00666, 1.00854, 1.12429, 0.966487, 0.831268, 0.844272, 0.792672, 1.06622, 1.09199, 1.10858, 0.912982, 0.849798, 0.810682, 1.09019, 0.996099, 0.856073, 0.777715, 0.886, 0.724916, 0.805735, 1.02242, 0.834117, 0.969377, 0.85648, 1.1007, 1.06142, 0.916347, 0.991676, 0.934231, 0.840462, 0.911206, 0.92191, 1.00807, 1.08115, 1.13168, 1.05648, 1.09574, 1.00436, 0.850048, 0.704518, 0.747549, 0.893489, 0.828474, 0.849201, 1.05186, 1.0293, 0.908822, 0.69741, 0.971923, 0.858241, 1.0184, 0.84671, 0.927936, 0.808961, 1.07553, 1.05207, 1.12771, 0.963531, 1.18772, 1.18589, 0.995263, 0.730636, 0.931405, 1.52226, 1.04432, 2.95251, 1.18571, 1.18613, 1.60476, 2.31323, 2.32983, 1.35137, 2.8319, 1.90929, 0.0310197, 0.340202, 0.387176, 0.431985, 0.341942, 0.333637, 0.391937, 0.379585, 0.420722, 0.351415, 0.365071, 0.515547, 0.609987, 0.744523, 0.0732873, 1.62021, 0.12967, 0.0149671, 0.0139805, 0.126804, 0.0200304, 0.01088, 0.0104878, 0.0396885, 0.0279258, 0.0155605, 0.0114715, 0.0179584 ]
}
