
{
  "stepsize" : 0.000783744,
  "metric_type" : "diag_e",
  "inv_metric" : [ 2.42983, 3.36224, 2.13795, 1.43389, 0.536539, 0.582244, 0.617747, 0.714916, 1.76446, 1.35818, 1.13938, 1.18903, 1.01659, 2.50547, 1.2856, 1.69654, 1.62325, 0.929493, 1.20766, 0.832396, 0.874716, 2.33173, 1.12349, 1.49769, 1.95702, 6.97062, 1.90368, 1.60729, 1.56446, 3.66353, 2.40352, 1.92118, 2.89223, 1.25249, 0.795296, 2.13733, 0.98516, 0.624393, 1.2176, 1.38287, 1.26375, 0.984474, 1.20331, 0.927765, 1.45717, 0.907563, 1.30719, 0.685304, 0.468458, 0.37262, 0.562267, 0.336462, 0.971152, 1.02759, 1.74704, 0.58069, 0.747064, 2.22908, 0.927312, 1.229, 1.17671, 1.04808, 2.08228, 3.15563, 1.12556, 1.28798, 0.588939, 4.60042, 0.431996, 3.51039, 1.45284, 1.72974, 3.35462, 3.06214, 1.99986, 0.660843, 2.51633, 1.29884, 1.42787, 0.657342, 0.841337, 2.13022, 1.50685, 2.99389, 1.99479, 1.64777, 1.53079, 0.646232, 1.37051, 0.891326, 3.97151, 1.87947, 0.704838, 0.884816, 1.16999, 0.563482, 1.52571, 4.50187, 1.15079, 1.52226, 2.09961, 2.63381, 3.61393, 3.08257, 1.25213, 0.960328, 3.2776, 1.46299, 2.22125, 0.852488, 1.36252, 0.925448, 2.07437, 2.90385, 0.263233, 1.5941, 1.59905, 3.10471, 1.73786, 2.17431, 2.78097, 1.19648, 1.70322, 1.30982, 1.31239, 1.85538, 1.27082, 2.46853, 0.201546, 0.91731, 0.388684, 1.95609, 2.09697, 1.54382, 3.11265, 1.2693, 2.75623, 2.44089, 2.42734, 0.504965, 0.545627, 1.4969, 0.71203, 2.29193, 3.66007, 1.00216, 0.491013, 2.81525, 0.341599, 4.86469, 1.19295, 1.35764, 0.667903, 1.09627, 0.763144, 1.94069, 3.50011, 4.57202, 2.69615, 1.31617, 3.7601, 1.87587, 3.89024, 3.18277, 0.869938, 2.21542, 1.0216, 2.86529, 0.552938, 0.714905, 2.13982, 0.684443, 1.17392, 4.12196, 4.50154, 2.13807, 0.755293, 2.20983, 1.32911, 1.06815, 1.05144, 0.560884, 0.8675, 0.530538, 0.92174, 2.90018, 1.86257, 1.50007, 3.73333, 1.0588, 1.23423, 1.6821, 2.38072, 1.03034, 1.87193, 3.16244, 1.60724, 1.27283, 1.04032, 1.91141, 1.94905, 3.35678, 1.31221, 1.3568, 0.571968, 0.80797, 2.88047, 0.961723, 1.19957, 1.58829, 0.784049, 1.17056, 1.70784, 3.92782, 4.41415, 1.00844, 2.19699, 1.32586, 1.07714, 1.02264, 2.25839, 1.39608, 1.96917, 0.592787, 1.34445, 1.26865, 3.15871, 3.45685, 2.01115, 1.46055, 3.60377, 2.19944, 1.4108, 3.65401, 1.37778, 0.928831, 5.0718, 3.97277, 1.92161, 1.76279, 2.04882, 3.8707, 2.70175, 1.20673, 0.769985, 0.851973, 0.941757, 1.13446, 4.79799, 1.55301, 5.51773, 1.27641, 0.838595, 2.41649, 5.04416, 1.34142, 1.54709, 3.17432, 0.76748, 1.29155, 0.97691, 1.55026, 1.66463, 3.75446, 1.07287, 1.29954, 3.1685, 1.10141, 3.11409, 2.87542, 1.91827, 1.57411, 0.904181, 1.10261, 1.89961, 3.05331, 1.17301, 1.82276, 2.29656, 2.01102, 1.87508, 1.41039, 1.28179, 0.78295, 0.776838, 1.48145, 1.95349, 1.10526, 1.44984, 0.945013, 1.51543, 1.00168, 1.80007, 0.977945, 2.09639, 1.35996, 0.827623, 2.25322, 1.24688, 4.18304, 0.847905, 0.866142, 2.18616, 1.64175, 1.12061, 3.46509, 1.70362, 2.59492, 10.5526, 1.33868, 1.33614, 1.17568, 0.93122, 5.65165, 1.68333, 8.27029, 2.84366, 0.782959, 1.11142, 0.810232, 1.8378, 2.48406, 2.30889, 1.41211, 0.932249, 0.612361, 1.86996, 2.54896, 1.50136, 3.15199, 6.70054, 5.53983, 2.0425, 0.885088, 2.55853, 1.05136, 2.1917, 3.58716, 1.3121, 1.22773, 1.17836, 1.55792, 4.92892, 9.25203, 0.670734, 1.63395, 0.779047, 2.60504, 2.31798, 2.36902, 0.690921, 1.47935, 2.25743, 2.45746, 0.840079, 1.57418, 1.30086, 1.4278, 1.36683, 1.37146, 1.27213, 1.07942, 1.68452, 1.81692, 3.45975, 1.35227, 3.10272, 3.1587, 2.19676, 1.30601, 0.758716, 4.62187, 4.11549, 0.710893, 3.60946, 0.8448, 1.75696, 0.991977, 2.16987, 1.13275, 3.6112, 1.20135, 0.680758, 2.17441, 1.89746, 1.41596, 0.928386, 2.07356, 0.942921, 1.05709, 2.05151, 1.21493, 1.30939, 4.93218, 2.13086, 1.83543, 1.3415, 0.419878, 1.93087, 1.07417, 2.2355, 0.801616, 0.691516, 0.898601, 0.356726, 3.18814, 1.20257, 0.20811, 0.382326, 0.33006, 0.560171, 1.20361, 0.281006, 0.490341, 1.25102, 0.389032, 0.303268, 0.391415, 0.827059, 0.78692, 0.720688, 31.2191, 3.09304, 0.564284, 0.0171091, 0.00938553, 0.514231, 0.0949829, 0.0466368, 0.0148562, 0.24395, 0.0514382, 0.0150581, 0.109066, 0.0348067 ]
}
