
{
  "stepsize" : 0.00140977,
  "metric_type" : "diag_e",
  "inv_metric" : [ 0.943175, 0.819023, 0.0932836, 0.103307, 0.113156, 0.126806, 0.129273, 0.131517, 0.143088, 0.187066, 0.219149, 0.24384, 0.239794, 0.291235, 0.299175, 0.317015, 0.296362, 0.376677, 1.06056, 0.781543, 0.108695, 0.11536, 0.150966, 0.136759, 0.0892856, 0.0924837, 0.0825728, 0.103864, 0.131248, 0.168405, 0.225212, 0.246661, 0.266345, 0.243002, 0.325738, 0.307474, 0.984402, 0.517817, 0.126991, 0.140011, 0.126092, 0.115184, 0.0989363, 0.0851609, 0.0934853, 0.0938905, 0.0970184, 0.119994, 0.148379, 0.182233, 0.200797, 0.231147, 0.17543, 0.153148, 1.07952, 0.622456, 0.0640698, 0.0537433, 0.0322034, 0.0377708, 0.0529375, 0.0403794, 0.0767563, 0.0744474, 0.0963085, 0.143758, 0.164406, 0.248577, 0.208164, 0.230953, 0.19372, 0.230953, 0.923642, 0.591038, 0.143192, 0.107631, 0.0637757, 0.0700177, 0.0897771, 0.108327, 0.141924, 0.199925, 0.224923, 0.222364, 0.302363, 0.342913, 0.337929, 0.299522, 0.393685, 0.30747, 1.09048, 0.391713, 0.139128, 0.0641645, 0.0294916, 0.0487301, 0.0203656, 0.0928729, 0.208562, 0.293357, 0.330923, 0.299942, 0.31792, 0.323628, 0.305368, 0.252727, 0.35865, 0.28454, 0.956579, 0.69188, 0.0616521, 0.120726, 0.0808006, 0.055914, 0.0913741, 0.0868958, 0.0929133, 0.076679, 0.0972128, 0.119492, 0.107056, 0.135754, 0.195283, 0.213739, 0.199778, 0.203413, 1.07615, 0.950925, 0.197964, 0.202038, 0.168793, 0.186424, 0.150059, 0.0837985, 0.0991707, 0.143602, 0.138772, 0.138914, 0.142263, 0.201873, 0.226609, 0.234021, 0.215113, 0.213253, 1.17071, 0.876323, 0.180065, 0.179206, 0.187607, 0.17913, 0.187391, 0.232996, 0.254196, 0.309844, 0.222663, 0.236547, 0.199247, 0.215332, 0.243167, 0.263988, 0.267816, 0.221711, 0.997102, 0.513541, 0.318999, 0.249163, 0.183205, 0.135244, 0.108693, 0.0769805, 0.0564683, 0.114001, 0.195324, 0.276666, 0.255021, 0.322491, 0.401821, 0.369824, 0.375776, 0.387423, 0.955241, 0.751319, 0.333289, 0.419658, 0.224225, 0.0465386, 0.160183, 0.283893, 0.218905, 0.217202, 0.147585, 0.112477, 0.120083, 0.302638, 0.316321, 0.255735, 0.298433, 0.377157, 0.950168, 0.933397, 0.891483, 0.902565, 0.887002, 0.850429, 0.95999, 0.923662, 0.899557, 0.976338, 0.936476, 0.765714, 0.859045, 0.812427, 0.740013, 0.762276, 0.898042, 1.08863, 1.0141, 0.977694, 0.892882, 0.948736, 0.956403, 0.909928, 1.05452, 0.998393, 0.921997, 1.06045, 0.842726, 0.875618, 0.978582, 0.852204, 0.82667, 0.908176, 0.810237, 1.04205, 1.02877, 0.947826, 1.08173, 0.920339, 0.945559, 1.028, 1.06808, 0.996395, 1.07669, 0.975043, 0.992352, 0.991206, 1.05024, 0.925231, 0.97248, 0.801935, 0.818851, 0.897469, 0.998065, 1.00244, 0.977258, 0.960853, 1.03337, 0.964587, 1.1052, 1.04456, 0.833138, 0.98575, 1.06789, 1.01482, 0.983799, 0.744025, 0.825447, 0.736355, 0.942786, 1.05465, 0.926764, 0.937566, 0.931127, 1.04841, 1.08502, 1.06674, 0.973847, 0.879689, 0.941252, 0.992646, 0.910914, 0.833039, 0.924014, 0.877219, 0.775782, 0.861922, 0.73803, 1.0528, 0.915539, 0.960207, 0.982108, 1.03466, 0.919946, 1.13996, 1.06799, 0.960045, 0.762432, 0.741469, 0.692698, 0.785588, 0.964482, 0.929055, 0.857729, 0.99685, 0.967465, 0.961074, 0.98213, 0.983085, 0.774831, 0.913796, 1.02758, 0.9977, 0.99708, 0.96651, 0.981877, 0.933604, 0.937625, 1.05212, 0.966866, 0.899014, 0.809289, 0.917909, 0.828102, 1.07354, 0.91654, 0.747603, 0.705424, 0.825699, 0.930822, 0.851702, 0.930289, 0.88251, 0.988575, 1.00497, 1.08163, 1.10276, 0.910638, 0.849929, 0.857849, 0.728774, 0.89335, 1.04513, 0.967017, 0.876971, 0.909466, 0.83393, 1.0687, 0.930998, 0.920933, 0.706079, 0.828023, 0.855708, 0.781325, 1.06971, 1.08559, 0.97722, 0.868565, 1.16851, 1.09694, 1.05095, 1.03195, 0.912836, 0.728099, 0.838252, 0.933848, 1.00833, 0.975989, 1.0209, 0.951814, 1.0699, 1.11852, 0.804524, 0.661688, 0.839811, 0.889418, 0.864497, 0.723152, 0.982723, 0.997002, 0.874638, 0.781803, 0.95219, 1.09353, 0.948083, 0.831138, 0.884714, 1.05576, 1.01581, 1.07508, 1.1111, 0.896181, 1.1975, 1.21156, 1.04159, 0.731688, 0.919024, 1.14854, 0.888885, 3.65174, 1.44015, 1.56963, 1.65026, 2.41811, 1.94349, 1.31076, 2.38292, 1.94209, 0.0288811, 0.355966, 0.262546, 0.463126, 0.384642, 0.324384, 0.339484, 0.380157, 0.387058, 0.29022, 0.344044, 0.521728, 0.599983, 0.727793, 0.0681245, 1.14779, 0.105936, 0.0104057, 0.00755077, 0.0594553, 0.00999365, 0.00864493, 0.00754325, 0.0173362, 0.0131206, 0.0116329, 0.0092978, 0.0139784 ]
}
