
{
  "stepsize" : 0.00153596,
  "metric_type" : "diag_e",
  "inv_metric" : [ 0.97231, 0.827928, 0.109235, 0.106842, 0.133001, 0.123878, 0.136783, 0.147392, 0.151523, 0.189429, 0.221959, 0.214688, 0.289109, 0.305582, 0.305388, 0.297088, 0.29959, 0.323957, 0.946927, 0.868032, 0.0916194, 0.109559, 0.133081, 0.129508, 0.0980186, 0.0810604, 0.0857998, 0.105297, 0.125851, 0.172969, 0.216432, 0.204189, 0.257284, 0.253964, 0.344437, 0.311899, 1.04524, 0.526453, 0.125791, 0.125099, 0.127806, 0.119162, 0.100762, 0.0866131, 0.0961952, 0.0948147, 0.0991573, 0.118634, 0.148145, 0.164687, 0.188632, 0.20246, 0.205106, 0.162679, 0.931594, 0.601356, 0.0581318, 0.0407681, 0.032951, 0.0399912, 0.0545766, 0.0371539, 0.0774767, 0.0769243, 0.0921551, 0.13548, 0.191114, 0.229701, 0.227433, 0.26119, 0.232204, 0.238875, 1.01007, 0.550082, 0.127317, 0.101289, 0.0569269, 0.0744368, 0.0857398, 0.098611, 0.12897, 0.205588, 0.233252, 0.233532, 0.334854, 0.322076, 0.343342, 0.326354, 0.391246, 0.30291, 0.904331, 0.484017, 0.142614, 0.055928, 0.0274347, 0.0446972, 0.0191346, 0.0796875, 0.242133, 0.288984, 0.312236, 0.269353, 0.348289, 0.311652, 0.336932, 0.216346, 0.321932, 0.28047, 1.04613, 0.602779, 0.0609415, 0.120451, 0.0759887, 0.0534683, 0.0983065, 0.0866159, 0.0902943, 0.0710385, 0.0851378, 0.105753, 0.114309, 0.144625, 0.20711, 0.222239, 0.226388, 0.200125, 1.08978, 0.983057, 0.203226, 0.23624, 0.199554, 0.175648, 0.174316, 0.0984608, 0.115053, 0.129581, 0.138124, 0.117181, 0.152479, 0.247885, 0.256401, 0.253951, 0.257259, 0.244787, 1.02705, 0.879375, 0.178954, 0.170422, 0.20476, 0.159009, 0.176454, 0.236036, 0.269312, 0.297737, 0.215819, 0.238437, 0.183504, 0.198031, 0.239738, 0.252741, 0.270563, 0.196502, 1.10709, 0.539223, 0.295882, 0.2409, 0.19521, 0.148709, 0.10209, 0.0825255, 0.0504431, 0.135455, 0.184413, 0.282268, 0.327464, 0.351976, 0.397804, 0.398761, 0.339052, 0.338481, 0.943225, 0.736654, 0.303701, 0.436612, 0.218433, 0.0449819, 0.143943, 0.263287, 0.255, 0.226836, 0.141897, 0.108642, 0.125239, 0.279937, 0.316127, 0.267006, 0.315541, 0.38822, 0.930652, 1.01701, 0.91684, 0.825052, 0.8435, 0.901076, 0.957582, 0.957535, 1.02621, 1.01376, 0.956253, 0.864024, 0.82277, 0.755922, 0.740968, 0.828524, 0.999022, 1.0773, 1.04099, 1.06525, 0.837131, 0.752855, 0.904811, 0.9921, 1.07727, 0.894448, 0.96073, 0.971759, 0.939177, 0.902983, 0.875183, 0.908295, 0.782791, 0.92977, 0.831754, 0.959595, 1.04506, 0.833707, 0.843465, 0.904033, 1.00693, 0.921408, 0.971448, 0.921113, 1.0383, 1.06544, 0.96594, 1.01418, 0.89909, 0.766317, 0.75101, 0.920959, 0.832715, 0.964201, 1.13254, 0.91293, 0.826149, 1.02193, 1.10205, 0.875191, 1.14165, 0.963346, 1.0105, 1.0292, 1.06849, 1.14215, 1.13722, 0.850029, 0.803973, 0.752773, 0.765426, 0.985031, 1.02178, 0.928655, 0.945614, 0.833604, 0.971016, 0.909094, 0.994369, 0.886235, 0.939385, 1.01619, 0.779526, 0.801435, 0.880662, 0.869705, 0.780727, 0.858364, 0.747911, 0.998832, 0.932554, 0.948157, 1.04174, 1.16747, 0.917455, 0.968307, 1.11114, 1.01196, 0.783439, 0.752801, 0.71323, 0.91937, 0.941061, 0.9262, 0.797056, 0.916233, 0.957867, 0.964695, 0.872951, 0.953034, 0.798723, 1.10824, 0.973327, 0.900685, 1.02662, 1.04157, 1.04004, 0.884793, 0.916834, 1.14714, 1.03299, 0.809263, 0.856213, 0.885742, 0.839321, 0.870159, 1.03092, 0.757759, 0.797475, 0.886718, 0.843883, 0.894242, 1.09398, 1.07455, 0.880565, 1.05196, 1.05388, 1.24046, 1.013, 0.928563, 0.915731, 0.762713, 1.05682, 0.973257, 1.0065, 0.849282, 0.856855, 0.936637, 0.901916, 0.903071, 0.983739, 0.84042, 0.816159, 0.938087, 0.908414, 1.00225, 0.951823, 0.897531, 0.760411, 0.957897, 1.07241, 1.01806, 1.09154, 0.971247, 0.821356, 0.906318, 1.03698, 1.00834, 1.0561, 0.929871, 1.09025, 1.00865, 1.1055, 0.885265, 0.739024, 0.799186, 0.972931, 0.828603, 0.824646, 1.03537, 1.04206, 0.903274, 0.79807, 1.04007, 0.92827, 1.06695, 0.805485, 0.865439, 1.04368, 1.07404, 1.03801, 1.01103, 0.877191, 1.20401, 1.08263, 1.0378, 0.780994, 1.16334, 1.83271, 0.915702, 2.98204, 1.43675, 1.14929, 1.96007, 2.09302, 2.21641, 1.48157, 2.27197, 1.60546, 0.0253977, 0.410655, 0.341604, 0.40323, 0.377335, 0.322441, 0.318709, 0.40305, 0.468855, 0.378554, 0.358193, 0.541712, 0.561428, 0.632643, 0.0576688, 1.36187, 0.109414, 0.0129296, 0.0092303, 0.0630033, 0.0114599, 0.008971, 0.00921586, 0.022071, 0.0165076, 0.0121578, 0.0106098, 0.0154743 ]
}
