
{
  "stepsize" : 0.00157433,
  "metric_type" : "diag_e",
  "inv_metric" : [ 1.08097, 0.780447, 0.141989, 0.124341, 0.137649, 0.152024, 0.188999, 0.170249, 0.168901, 0.188459, 0.212404, 0.247341, 0.262116, 0.280244, 0.283784, 0.290605, 0.317764, 0.341632, 0.932961, 0.748181, 0.126499, 0.103027, 0.152861, 0.145687, 0.127348, 0.125254, 0.114535, 0.143793, 0.134297, 0.200333, 0.27915, 0.291041, 0.358816, 0.270625, 0.360565, 0.338177, 0.870334, 0.497089, 0.155182, 0.143487, 0.157759, 0.136898, 0.139194, 0.103913, 0.125641, 0.113025, 0.108678, 0.137583, 0.177027, 0.222857, 0.250834, 0.256436, 0.20221, 0.153822, 1.0245, 0.579775, 0.0910255, 0.0886131, 0.0434566, 0.0659903, 0.117987, 0.0786023, 0.104194, 0.106407, 0.106305, 0.174667, 0.215701, 0.355483, 0.18679, 0.255338, 0.222691, 0.203855, 1.15091, 0.577216, 0.133596, 0.140538, 0.0953406, 0.115454, 0.131222, 0.163088, 0.209565, 0.21544, 0.247117, 0.221208, 0.332995, 0.368184, 0.362901, 0.411687, 0.442979, 0.60566, 1.06379, 0.554178, 0.279261, 0.176394, 0.122268, 0.173425, 0.0425974, 0.105941, 0.383372, 0.406486, 0.311348, 0.345913, 0.368137, 0.421504, 0.303971, 0.282796, 0.348619, 0.314743, 1.11888, 0.741683, 0.10558, 0.297767, 0.183439, 0.0722043, 0.114243, 0.133403, 0.196522, 0.161337, 0.162561, 0.142714, 0.114881, 0.154232, 0.198137, 0.264774, 0.223483, 0.25614, 1.03072, 1.04272, 0.220973, 0.301457, 0.14846, 0.19059, 0.277547, 0.149611, 0.190998, 0.239918, 0.277137, 0.210218, 0.190132, 0.211585, 0.373269, 0.239032, 0.335875, 0.413257, 1.13288, 0.979187, 0.161155, 0.242875, 0.29103, 0.23886, 0.257644, 0.317898, 0.291242, 0.335752, 0.243208, 0.304976, 0.238686, 0.221409, 0.322516, 0.347511, 0.46813, 0.283835, 1.01364, 0.641566, 0.309062, 0.276568, 0.251771, 0.231027, 0.189204, 0.162214, 0.101443, 0.17576, 0.24616, 0.295966, 0.285596, 0.389088, 0.526563, 0.552795, 0.46279, 0.43545, 0.982316, 0.691889, 0.291885, 0.450382, 0.403458, 0.112364, 0.178573, 0.350353, 0.362684, 0.318856, 0.250195, 0.245493, 0.180098, 0.340667, 0.344428, 0.317577, 0.356005, 0.418565, 1.04226, 0.978541, 0.919553, 1.18363, 1.07652, 1.07141, 0.977941, 0.960969, 1.19931, 1.15242, 0.909445, 0.909576, 0.913393, 0.862675, 0.801715, 1.04269, 0.900703, 1.07745, 1.12424, 0.993752, 0.832078, 0.819248, 1.04542, 1.06754, 1.14852, 0.951231, 0.968692, 0.97925, 0.921447, 0.939697, 0.914764, 0.902905, 0.807724, 0.928096, 0.840339, 0.857375, 1.05846, 0.903476, 0.98418, 1.48434, 1.11508, 1.12663, 1.04314, 1.01563, 1.14668, 1.06258, 1.13536, 1.06072, 1.2112, 0.895961, 0.881654, 0.916496, 0.935281, 1.02089, 0.991103, 1.06971, 0.937778, 0.934207, 1.11047, 1.21283, 0.999674, 1.051, 1.15297, 1.0331, 1.15674, 0.904684, 1.04009, 0.779814, 0.812627, 1.03004, 0.893931, 0.950659, 1.20797, 0.937231, 0.957652, 1.16774, 0.948786, 1.03323, 1.1343, 0.967216, 0.87406, 1.09121, 0.731892, 1.07864, 0.928342, 0.911888, 0.834706, 0.723238, 0.96622, 1.07128, 1.07557, 0.93647, 0.960021, 0.97383, 0.994607, 1.1208, 1.13114, 1.07896, 0.929964, 0.825631, 0.804407, 0.809037, 1.04443, 0.921165, 0.81341, 0.931333, 1.09636, 1.08607, 0.980657, 1.03792, 0.958673, 1.11356, 0.89574, 1.17051, 1.07439, 1.08284, 1.15647, 1.07913, 0.883696, 1.06413, 0.976182, 0.872423, 1.00459, 0.888224, 1.0228, 1.01895, 1.06123, 1.06496, 0.83854, 0.790837, 0.96097, 1.0838, 1.02771, 1.14438, 1.00029, 1.02819, 1.26832, 1.31333, 0.90961, 0.930627, 0.862758, 0.897625, 1.21496, 1.08305, 1.0344, 0.949684, 1.13906, 0.858455, 1.16706, 1.03657, 1.1467, 0.823758, 0.850442, 0.932404, 0.994599, 0.894129, 0.989645, 1.02679, 1.0021, 1.11934, 1.13725, 1.08965, 1.03993, 0.976822, 0.887613, 0.98233, 0.996795, 0.995152, 0.999154, 1.18501, 1.51053, 1.00792, 1.17119, 0.893176, 0.905498, 1.29174, 0.983093, 0.991592, 0.812236, 1.04338, 1.06001, 0.925509, 0.750294, 0.889555, 0.935534, 0.928093, 0.928276, 1.3068, 0.947978, 1.19369, 0.980143, 1.1393, 0.956717, 1.1014, 1.10473, 0.944044, 0.814223, 0.960427, 1.22933, 1.31152, 3.07178, 1.93894, 1.12318, 2.056, 2.25587, 2.16077, 1.50867, 2.90601, 1.52638, 0.040398, 0.75146, 0.34516, 0.373892, 0.335855, 0.301215, 0.402837, 0.366481, 0.438784, 0.354548, 0.376699, 0.522564, 0.65241, 0.606624, 0.0782054, 2.90331, 0.123283, 0.0214874, 0.0110023, 0.0652444, 0.0120869, 0.0107989, 0.0182116, 0.0231084, 0.0185156, 0.0179908, 0.01202, 0.0183538 ]
}
