
{
  "stepsize" : 0.000888064,
  "metric_type" : "diag_e",
  "inv_metric" : [ 0.635702, 1.26567, 0.973783, 0.546871, 0.241223, 0.471684, 0.23664, 0.261828, 0.531862, 0.403538, 0.495889, 0.332859, 0.255179, 1.26083, 0.495473, 0.461367, 0.319718, 0.0597631, 0.575785, 0.15231, 0.246796, 1.09448, 0.481798, 0.937888, 0.33747, 3.57977, 0.398258, 0.371558, 0.347199, 1.80631, 0.543594, 0.339833, 1.08651, 0.59038, 0.224115, 1.42065, 0.689774, 0.195394, 0.408768, 0.30194, 0.314077, 0.261502, 0.170735, 0.18121, 0.322761, 0.117993, 0.50761, 0.140349, 0.0873399, 0.230503, 0.50441, 0.192083, 0.473398, 0.220331, 0.128969, 0.475707, 0.198105, 0.60166, 0.151211, 0.30981, 0.169738, 0.168187, 0.149689, 0.780345, 0.206452, 0.205778, 0.117315, 3.08103, 0.0468437, 1.6254, 0.214536, 0.457818, 0.638094, 0.455352, 1.00966, 0.306936, 1.55704, 0.529066, 0.251465, 0.179662, 0.359911, 0.785504, 0.366532, 1.34233, 0.668695, 0.711762, 0.309535, 0.251785, 0.662274, 0.725719, 1.08475, 1.17347, 0.950994, 0.296863, 0.490116, 0.244002, 0.983884, 3.68526, 0.606923, 1.08513, 1.13426, 1.60234, 0.768402, 1.52626, 0.356277, 0.363159, 1.75485, 0.671762, 0.536333, 0.597455, 0.748799, 0.219495, 0.892142, 2.11764, 0.225154, 0.877418, 0.287648, 0.978207, 0.626942, 0.476089, 0.935145, 0.516026, 0.978861, 0.728125, 0.773925, 0.653427, 0.209562, 0.650741, 0.130928, 0.759931, 0.102826, 1.26333, 0.440101, 0.336667, 0.565592, 0.219191, 0.534964, 0.558827, 1.07403, 0.147432, 0.0829195, 0.364, 0.0861498, 0.722161, 1.04167, 0.252688, 0.287727, 2.63446, 0.158522, 4.09552, 1.07813, 1.34294, 0.776353, 0.642798, 0.459862, 0.431497, 1.06071, 1.81711, 0.489665, 0.94374, 1.58024, 0.895164, 1.19319, 0.527684, 0.513611, 0.854511, 0.402599, 1.66094, 0.221157, 0.24155, 0.912778, 0.212765, 0.237377, 2.15565, 1.81187, 0.90233, 0.325846, 0.77696, 0.817831, 0.417242, 0.122408, 0.223179, 0.31154, 0.358121, 0.232461, 2.07538, 1.1871, 1.00997, 1.92226, 0.234323, 0.668577, 0.928794, 1.2662, 0.490994, 0.787065, 1.8567, 0.454144, 0.202052, 0.113981, 0.311655, 0.35317, 0.946502, 0.601388, 0.24102, 0.171526, 0.276284, 0.350029, 0.595402, 0.256707, 0.419266, 1.17369, 0.218324, 0.236659, 1.254, 1.10181, 0.489962, 1.05527, 0.13144, 0.326396, 0.260385, 0.597738, 0.220123, 0.232503, 0.416519, 0.355816, 0.220372, 1.4222, 0.947356, 0.454193, 0.0459678, 2.09745, 0.712764, 1.15189, 0.341142, 0.31748, 0.370366, 2.94638, 0.749761, 0.516788, 0.775771, 1.14232, 0.712277, 0.880664, 0.120128, 1.04409, 0.163671, 0.356667, 0.392049, 1.43034, 0.847839, 0.836236, 0.664175, 0.204883, 0.613085, 2.47929, 0.232096, 0.476988, 1.17891, 0.208874, 0.357565, 0.543577, 0.644708, 0.377576, 0.829426, 0.194381, 0.142503, 0.622218, 0.0991718, 0.93545, 0.323032, 0.92403, 1.18929, 0.0759288, 0.148904, 0.470924, 0.169966, 0.306402, 0.497158, 0.445462, 0.422055, 0.959908, 0.254114, 0.441629, 0.085013, 0.281551, 0.248805, 0.932492, 0.606119, 0.663981, 0.305265, 0.191118, 0.170387, 0.275045, 0.239436, 0.316793, 0.158571, 0.276384, 0.396139, 0.556342, 0.48986, 0.585755, 0.341964, 0.508284, 0.328761, 0.285454, 0.826017, 0.175245, 0.259125, 2.65923, 0.5076, 0.508952, 0.486224, 0.567071, 2.54496, 0.889428, 3.61864, 1.29507, 0.108868, 0.333686, 0.139332, 0.534752, 0.740654, 0.609066, 0.260848, 0.749823, 0.182107, 1.07529, 1.42471, 0.658117, 2.30273, 2.79183, 0.628506, 1.04581, 0.587333, 0.253411, 0.611669, 0.965269, 0.762963, 1.24771, 0.58297, 0.115362, 0.519394, 1.01846, 2.56947, 0.131961, 0.526316, 0.172288, 1.0009, 0.35767, 0.873076, 0.163215, 0.296965, 0.676544, 0.236732, 0.271023, 0.499814, 0.217635, 0.437394, 0.286757, 0.309301, 0.482328, 1.00091, 0.261774, 0.894214, 1.11573, 0.22571, 1.1403, 0.375057, 0.478975, 0.0792315, 0.183112, 1.39118, 2.58255, 0.103871, 1.01493, 0.324768, 0.95002, 0.264683, 0.87425, 1.05395, 1.25584, 0.429958, 0.0510721, 0.94225, 0.91455, 0.20298, 0.307443, 0.842908, 0.0927649, 0.498413, 1.43369, 0.134489, 0.160482, 1.0226, 1.1557, 0.115935, 0.156303, 0.217403, 0.505117, 0.602458, 0.0582178, 0.965501, 0.288028, 0.167924, 0.274054, 2.74843, 0.0505768, 0.247254, 0.144472, 0.276483, 0.605449, 0.107986, 0.360315, 0.182907, 1.42601, 0.187633, 0.149816, 0.126386, 0.141926, 0.293881, 0.536387, 33.3803, 1.12171, 0.493601, 0.0158356, 0.0114769, 0.227148, 0.0230353, 0.0316662, 0.0200756, 0.184501, 0.022211, 0.0541611, 0.0322081, 0.0580825 ]
}
