
{
  "stepsize" : 0.0014787,
  "metric_type" : "diag_e",
  "inv_metric" : [ 0.954922, 0.855341, 0.097012, 0.103078, 0.123677, 0.136626, 0.114772, 0.135504, 0.166, 0.18875, 0.22247, 0.264516, 0.29598, 0.314811, 0.297744, 0.315066, 0.31859, 0.294729, 0.920122, 0.855038, 0.102471, 0.105231, 0.134509, 0.140048, 0.105368, 0.103459, 0.104867, 0.133162, 0.146542, 0.173206, 0.255485, 0.24778, 0.266701, 0.268847, 0.410349, 0.300346, 1.01081, 0.484129, 0.146417, 0.170038, 0.170283, 0.144507, 0.122491, 0.0985065, 0.116275, 0.107804, 0.108699, 0.116561, 0.152971, 0.181597, 0.244388, 0.233152, 0.200008, 0.169639, 1.06022, 0.540009, 0.071911, 0.0677321, 0.0428284, 0.047381, 0.060519, 0.0528772, 0.143241, 0.119446, 0.127755, 0.138259, 0.166918, 0.254494, 0.251559, 0.265411, 0.244989, 0.239444, 0.910894, 0.558914, 0.124264, 0.1129, 0.0659146, 0.0849474, 0.0982055, 0.11047, 0.149075, 0.225459, 0.27719, 0.226144, 0.371143, 0.378815, 0.352565, 0.341505, 0.458715, 0.307279, 1.0325, 0.506796, 0.145738, 0.0688261, 0.0330955, 0.0503987, 0.024781, 0.097657, 0.214863, 0.287273, 0.312613, 0.289454, 0.37118, 0.350204, 0.344917, 0.265747, 0.411332, 0.317881, 1.23091, 0.627189, 0.0692548, 0.125045, 0.0894983, 0.0564094, 0.0961343, 0.0941271, 0.0979555, 0.0982836, 0.107204, 0.132281, 0.118181, 0.12786, 0.215566, 0.230413, 0.212249, 0.201484, 1.03534, 0.966944, 0.258805, 0.215999, 0.172729, 0.160072, 0.167893, 0.0942642, 0.107518, 0.135408, 0.164062, 0.132061, 0.155851, 0.238154, 0.265802, 0.253018, 0.242375, 0.262616, 1.18013, 0.986323, 0.188978, 0.197414, 0.217669, 0.193298, 0.210688, 0.269688, 0.284202, 0.347409, 0.224913, 0.277232, 0.244153, 0.233434, 0.281088, 0.278824, 0.292951, 0.232741, 1.16122, 0.533446, 0.294288, 0.246266, 0.191726, 0.142308, 0.100497, 0.0790939, 0.0545247, 0.12265, 0.215197, 0.320773, 0.299408, 0.325865, 0.463647, 0.434533, 0.36263, 0.359929, 0.966041, 0.730282, 0.322462, 0.429817, 0.25526, 0.0531374, 0.136635, 0.276186, 0.273023, 0.214942, 0.159819, 0.11119, 0.127449, 0.282666, 0.309478, 0.26257, 0.326488, 0.387666, 0.967813, 1.02895, 0.797611, 0.906683, 0.939874, 0.737553, 0.962458, 0.97194, 0.861578, 0.907025, 0.857171, 0.865504, 0.815877, 0.730582, 0.684932, 0.816162, 0.867163, 1.10525, 0.989742, 0.83676, 0.863781, 0.747436, 0.900315, 0.821903, 0.968067, 1.06014, 0.905916, 1.07559, 0.939898, 0.98335, 0.799278, 0.823468, 0.794483, 0.903772, 0.755501, 1.0536, 0.884916, 0.990188, 0.920213, 1.01477, 1.0717, 0.983977, 1.00009, 1.04755, 1.00453, 0.953748, 0.963551, 0.947877, 0.938611, 0.86266, 0.831108, 0.782136, 0.829423, 0.907659, 1.02965, 0.898652, 1.13057, 0.974624, 0.953124, 0.84993, 0.932107, 0.954128, 1.12702, 1.02429, 0.944931, 0.917872, 1.1034, 0.856438, 0.755159, 0.748081, 0.731113, 0.96343, 0.998365, 0.845933, 0.939531, 0.911774, 1.02513, 0.957294, 0.864915, 0.87864, 0.89094, 0.934503, 0.771492, 0.853361, 0.824174, 0.725197, 0.753779, 0.78508, 0.647147, 1.02029, 1.16073, 0.79496, 1.04823, 0.981892, 0.916397, 1.11619, 0.904868, 0.861034, 0.80169, 0.688759, 0.668505, 0.696911, 0.914236, 0.927142, 0.828539, 0.973454, 0.85451, 1.0432, 0.983999, 0.905026, 0.866444, 1.03099, 1.02167, 1.07265, 0.958017, 0.870361, 1.19306, 0.961998, 0.988628, 1.09668, 0.886688, 0.931707, 0.906752, 0.785959, 0.836331, 1.02062, 1.03885, 0.819785, 0.693362, 0.801074, 0.785844, 0.893823, 1.01177, 0.983106, 0.939078, 1.07649, 1.15633, 1.15108, 0.954332, 0.866291, 0.793585, 0.84644, 1.09044, 0.906061, 1.04754, 0.846377, 0.895249, 0.916658, 1.05901, 0.898696, 0.919811, 0.65762, 0.864979, 0.852148, 0.868576, 1.09769, 0.925304, 0.962898, 0.768277, 1.02548, 1.15969, 0.993601, 0.909586, 0.917033, 0.791061, 0.937444, 1.05623, 0.923235, 1.04528, 1.11078, 1.08473, 1.12806, 1.15999, 0.830663, 0.679611, 0.694347, 0.999059, 0.74801, 0.792878, 1.01134, 1.16125, 0.903625, 0.715388, 1.0837, 0.969491, 0.909157, 0.834279, 0.954221, 1.02391, 0.952746, 1.06369, 1.10524, 0.890781, 1.07272, 1.14247, 1.05945, 0.78208, 1.04465, 1.07899, 1.91777, 3.23483, 2.1067, 1.2507, 1.62482, 2.21817, 0.69466, 1.25974, 2.27554, 1.48257, 0.030374, 0.295821, 0.36589, 0.373609, 0.360188, 0.253643, 0.331763, 0.376466, 0.417112, 0.357739, 0.327067, 0.457446, 0.652442, 0.688571, 0.0715318, 1.19235, 0.157295, 0.0146987, 0.0106441, 0.124331, 0.017046, 0.00860048, 0.00730232, 0.0452558, 0.0348173, 0.0172847, 0.00915469, 0.0154419 ]
}
