
{
  "stepsize" : 0.000449469,
  "metric_type" : "diag_e",
  "inv_metric" : [ 3.11033, 3.97745, 1.22747, 0.367659, 1.23082, 1.9747, 1.61655, 4.00364, 4.54901, 1.32384, 1.28423, 1.47179, 1.52542, 0.130781, 1.42076, 0.580044, 0.339492, 5.11858, 2.79555, 1.27499, 5.27844, 0.148505, 0.275485, 0.0975544, 0.614363, 0.461368, 0.320219, 1.2076, 0.403678, 5.39513, 2.34528, 0.717721, 2.61016, 1.55383, 0.967101, 0.917875, 4.02209, 0.775111, 0.151752, 1.20648, 0.164204, 1.08697, 1.05983, 3.05824, 2.06911, 0.17214, 0.0893692, 0.291637, 3.81357, 0.157481, 2.52856, 0.320218, 0.551037, 3.5178, 0.257373, 4.15724, 0.369353, 0.187919, 3.68198, 0.781449, 1.12672, 2.12326, 0.348692, 0.734769, 1.31793, 4.78293, 2.64717, 10.7592, 0.105983, 1.85711, 0.873454, 0.606858, 4.13996, 6.15802, 1.60064, 0.98164, 1.40067, 1.11534, 0.636115, 2.11065, 1.9057, 2.90023, 3.38659, 1.71497, 2.993, 1.99759, 9.41683, 0.710236, 0.393384, 3.09207, 1.33724, 2.92709, 0.375378, 2.34792, 1.33629, 2.45433, 7.71302, 14.9919, 0.323495, 1.61712, 0.495167, 0.50356, 1.35896, 0.541469, 0.532863, 1.78776, 0.396855, 0.447103, 0.608407, 1.40201, 2.12834, 0.660486, 8.92412, 1.00637, 0.847126, 0.934081, 1.67535, 1.58114, 0.325305, 0.983637, 9.8926, 9.48696, 0.871457, 1.12172, 0.423967, 1.97769, 0.811756, 1.93628, 1.21563, 5.9245, 0.753126, 0.626659, 0.57178, 7.40469, 1.65567, 0.84009, 2.32876, 3.02752, 9.48115, 7.12527, 0.569276, 1.93613, 0.437929, 3.09047, 1.00651, 3.13733, 0.965569, 1.16105, 0.563435, 2.13831, 3.59008, 1.17664, 0.557524, 0.818705, 0.726483, 0.618291, 3.5645, 1.31726, 0.377977, 0.21663, 1.8532, 0.498946, 3.21315, 1.94527, 0.477157, 0.444199, 1.46254, 0.414335, 1.73408, 3.66043, 3.88051, 2.38579, 0.3955, 1.36197, 2.798, 0.727326, 1.56079, 3.44027, 0.921977, 1.39328, 0.671652, 1.3099, 1.86923, 1.54163, 2.5165, 2.41148, 6.70641, 0.241012, 2.54832, 0.731683, 0.408689, 3.32127, 1.0194, 1.40807, 1.10218, 1.74111, 7.83193, 0.550441, 0.441563, 1.26816, 8.59785, 1.89119, 2.54745, 1.92308, 1.96159, 0.244918, 1.02, 0.684885, 1.57403, 2.10145, 0.388744, 0.423212, 0.335163, 1.23836, 2.34315, 0.869182, 1.4082, 1.08591, 0.646916, 1.27111, 0.714637, 0.691145, 0.402902, 0.462346, 3.19076, 0.130894, 0.725429, 1.94905, 1.0429, 3.03942, 3.39318, 0.6842, 0.161828, 3.63248, 1.92183, 1.49009, 5.49361, 5.07617, 0.57544, 0.4327, 1.72124, 0.693371, 1.97999, 1.71017, 0.869273, 0.368242, 1.20729, 3.40506, 4.91534, 1.39181, 0.976019, 2.09405, 1.44467, 0.385606, 0.49618, 1.58586, 1.64841, 0.83039, 1.08636, 3.24228, 1.23105, 0.988102, 0.1854, 3.56495, 0.361688, 2.29055, 1.70281, 0.706338, 1.11836, 9.12888, 0.411277, 2.41814, 1.31929, 3.79268, 0.707306, 2.98865, 0.610405, 1.17471, 0.519978, 1.17173, 0.365793, 1.83144, 3.05218, 1.17638, 1.7842, 8.44574, 1.42281, 1.08052, 2.45032, 0.637178, 0.56349, 3.41767, 2.26453, 1.67189, 0.828992, 0.536009, 0.575107, 3.73475, 2.26891, 1.92943, 0.0575746, 0.0659573, 1.06828, 0.467412, 0.826345, 0.955762, 2.36666, 2.38009, 1.44501, 1.30317, 0.818946, 0.959813, 0.36634, 0.418748, 2.34329, 0.654319, 1.4834, 1.00012, 0.295431, 2.90463, 1.14129, 1.18201, 1.87764, 0.891355, 1.1476, 2.95436, 2.10791, 0.37529, 1.37855, 4.73657, 3.88841, 0.913275, 3.44847, 0.333019, 0.4799, 2.44094, 0.535446, 2.14968, 0.715275, 2.81746, 1.08759, 1.4597, 1.58589, 1.15195, 0.15901, 0.601747, 1.12595, 1.95165, 3.18314, 4.80839, 2.59732, 0.642766, 7.55548, 0.747702, 0.103119, 0.495626, 2.69624, 0.190004, 1.34758, 1.84313, 1.00699, 2.70425, 3.61694, 0.450344, 1.08922, 1.64871, 0.633326, 2.38565, 0.43161, 1.08931, 0.376341, 2.07666, 4.09217, 0.972709, 0.522542, 1.49307, 0.617652, 0.507018, 1.23944, 4.36498, 6.1781, 2.51386, 1.3651, 2.49915, 0.911535, 2.47008, 0.632314, 0.619996, 1.27923, 0.478558, 0.732698, 1.20803, 0.165346, 0.269025, 4.53427, 0.363737, 1.53439, 0.752178, 0.298354, 0.95304, 0.541943, 0.260603, 1.86442, 1.28709, 1.04768, 1.47225, 0.767915, 0.543064, 2.12688, 0.322116, 0.281061, 0.133509, 0.16723, 0.684909, 0.522104, 0.236873, 0.811084, 0.180149, 0.193184, 0.121929, 0.257907, 0.809704, 0.681711, 0.0320098, 0.127896, 0.108091, 4.48562, 0.151848, 0.0277457, 0.0510159, 0.31781, 0.165722, 0.110104, 0.0176283, 0.0549886 ]
}
