
{
  "stepsize" : 0.00161912,
  "metric_type" : "diag_e",
  "inv_metric" : [ 0.965584, 0.748151, 0.0971406, 0.109409, 0.111041, 0.123159, 0.108642, 0.115537, 0.111745, 0.160418, 0.182826, 0.22151, 0.26586, 0.282108, 0.273557, 0.283176, 0.31317, 0.327513, 1.16204, 0.867355, 0.103964, 0.10354, 0.124956, 0.124803, 0.10963, 0.0867329, 0.0973826, 0.132442, 0.138132, 0.147988, 0.214961, 0.200851, 0.24702, 0.264871, 0.321971, 0.310797, 0.910686, 0.461158, 0.117301, 0.129797, 0.128029, 0.113077, 0.0938649, 0.0838016, 0.0919625, 0.0981821, 0.0862214, 0.107887, 0.147898, 0.177145, 0.220183, 0.207768, 0.185063, 0.141038, 1.02431, 0.609897, 0.0628597, 0.0484003, 0.0347751, 0.0426634, 0.0486567, 0.0356361, 0.0851259, 0.076634, 0.0922481, 0.13689, 0.157437, 0.239728, 0.191089, 0.235445, 0.227693, 0.196405, 1.11873, 0.569128, 0.143622, 0.10008, 0.049507, 0.0601325, 0.0845632, 0.0978987, 0.136711, 0.180846, 0.214766, 0.232344, 0.322055, 0.306297, 0.331787, 0.333849, 0.39302, 0.298984, 0.942949, 0.432502, 0.136646, 0.0571028, 0.0248599, 0.0410853, 0.0215003, 0.0874487, 0.216708, 0.299599, 0.312714, 0.304581, 0.326505, 0.299531, 0.359239, 0.255492, 0.333432, 0.261753, 0.888669, 0.68375, 0.0551238, 0.118595, 0.0812127, 0.0498586, 0.0805974, 0.0942684, 0.106325, 0.0780177, 0.0831266, 0.111443, 0.102829, 0.124071, 0.171553, 0.192754, 0.201808, 0.196763, 0.920829, 1.08866, 0.204716, 0.214484, 0.144559, 0.196094, 0.161165, 0.089338, 0.10819, 0.138112, 0.134041, 0.119803, 0.130737, 0.202221, 0.224313, 0.226376, 0.221081, 0.212246, 0.910867, 0.968357, 0.176497, 0.171619, 0.198269, 0.154616, 0.173203, 0.197293, 0.254651, 0.312101, 0.183515, 0.279796, 0.178233, 0.196202, 0.237241, 0.245975, 0.263947, 0.188143, 0.940418, 0.538701, 0.299639, 0.241346, 0.209198, 0.13519, 0.110712, 0.0776118, 0.060305, 0.132802, 0.184973, 0.247898, 0.33491, 0.326449, 0.374876, 0.406331, 0.374904, 0.377078, 0.839828, 0.789641, 0.317907, 0.420724, 0.221462, 0.0448815, 0.14342, 0.265991, 0.220771, 0.216251, 0.148626, 0.11107, 0.127923, 0.292258, 0.307786, 0.25503, 0.308864, 0.373691, 1.13657, 0.912215, 0.897242, 0.839549, 0.866433, 0.818802, 0.918434, 0.8897, 0.89145, 0.947297, 0.967174, 0.771774, 0.92114, 0.7531, 0.764009, 0.901195, 0.882688, 1.06858, 0.915634, 0.949193, 0.836155, 0.808433, 0.83734, 0.921064, 0.951013, 1.04774, 1.03108, 1.03946, 0.758073, 0.816777, 0.885848, 0.89469, 0.809635, 0.89204, 0.90918, 0.867942, 1.18808, 0.933581, 0.929049, 0.817756, 1.01353, 0.906251, 0.90863, 1.10943, 1.1666, 1.03865, 0.972043, 0.984849, 0.987128, 0.836325, 0.832005, 0.760637, 0.771381, 1.06136, 1.10749, 0.998606, 0.970927, 0.968455, 1.06421, 1.02791, 0.977231, 1.05992, 0.91156, 0.973077, 1.10904, 0.859734, 0.87531, 0.714528, 0.764282, 0.80555, 0.755856, 1.07439, 0.975339, 0.978481, 0.918286, 1.06569, 0.940903, 0.938947, 1.01879, 0.971913, 0.952607, 0.982306, 0.849529, 0.784169, 0.893122, 0.856216, 0.806931, 0.865415, 0.783395, 1.11357, 0.968357, 0.985396, 0.968698, 0.952674, 0.895598, 1.13894, 1.02409, 0.941291, 0.736847, 0.758063, 0.782053, 0.806638, 0.815254, 0.964191, 0.843152, 0.919025, 0.964018, 0.97917, 1.08155, 0.802137, 0.870852, 1.02245, 1.02747, 0.926972, 0.972262, 1.06255, 1.08266, 0.89776, 1.07884, 1.05753, 0.97657, 0.762584, 0.796709, 0.81483, 0.831285, 1.05227, 1.03622, 0.883925, 0.819392, 0.857992, 0.841732, 0.840946, 1.01514, 0.959502, 0.844099, 1.19224, 1.09366, 1.07448, 1.01457, 0.751672, 0.822037, 0.889387, 1.04013, 1.04938, 1.10946, 0.984241, 0.805789, 0.784906, 1.05941, 1.06759, 0.859133, 0.900062, 0.857175, 0.839257, 1.02282, 0.921463, 0.871109, 0.771462, 0.821711, 1.12344, 0.997746, 1.01821, 0.988199, 0.933348, 0.888081, 0.956306, 1.01045, 0.99692, 1.01347, 1.03884, 1.17686, 1.00682, 1.02415, 0.994364, 0.791082, 0.765125, 0.864839, 0.979621, 0.917083, 1.11844, 1.05344, 0.896699, 0.751909, 1.03636, 1.11864, 0.995909, 0.861136, 0.865653, 0.93358, 1.07362, 1.04015, 1.13171, 0.965242, 1.12783, 1.18847, 1.08563, 0.679719, 0.846038, 1.17819, 1.51734, 2.9978, 2.99099, 1.31737, 2.68471, 1.3425, 1.98645, 1.71408, 2.23159, 1.76819, 0.0256698, 0.30116, 0.292248, 0.378921, 0.374787, 0.266636, 0.316731, 0.370299, 0.36727, 0.293572, 0.35666, 0.588201, 0.711434, 0.676295, 0.0639887, 1.36358, 0.10641, 0.00992885, 0.00849876, 0.0631553, 0.0117312, 0.00703474, 0.00774461, 0.0198621, 0.0148078, 0.0104541, 0.00986121, 0.0143589 ]
}
