
{
  "stepsize" : 0.000630274,
  "metric_type" : "diag_e",
  "inv_metric" : [ 0.231225, 0.872006, 0.513049, 0.493436, 0.243272, 1.83579, 0.136528, 0.0632233, 0.161511, 0.0685263, 0.0441397, 0.689875, 0.105191, 0.427387, 0.0854342, 0.0688983, 0.0223929, 1.19838, 0.158785, 0.178257, 0.068736, 0.217032, 0.128735, 0.115524, 0.853503, 0.174451, 0.127959, 0.151411, 0.0374881, 0.0525239, 0.0787152, 0.111881, 0.176603, 0.254165, 0.094074, 0.0675668, 0.0570703, 0.450083, 0.241612, 0.884175, 0.0268047, 0.112249, 0.590849, 0.605806, 0.0252189, 0.589685, 0.111895, 0.541507, 0.259195, 0.759026, 0.246684, 0.139439, 0.167219, 0.203092, 0.480713, 0.751889, 0.0758678, 0.118945, 0.0511816, 0.0668299, 0.108545, 1.22739, 0.780241, 0.719559, 0.630797, 0.136258, 0.219778, 0.320432, 0.223776, 0.329375, 0.0706922, 0.177613, 0.229279, 0.563105, 0.480034, 0.0663746, 1.96442, 0.120683, 0.0507805, 0.267233, 0.0569235, 0.0141275, 0.0841108, 0.138248, 0.063091, 0.105589, 1.35472, 0.0409472, 0.231757, 0.160511, 0.119797, 0.280703, 0.0589941, 0.0866605, 0.0493372, 0.0419562, 2.0807, 5.90146, 0.0805868, 0.555273, 0.261943, 0.380918, 0.641527, 0.0366872, 0.474647, 0.0957128, 0.236936, 0.0519868, 0.166172, 0.166525, 0.0826996, 0.749854, 0.357915, 0.330651, 0.401799, 0.165295, 0.0412798, 0.468161, 0.149176, 0.125456, 0.431495, 0.984182, 0.141807, 0.100764, 0.164682, 0.212914, 0.292338, 1.64102, 0.047506, 0.0479891, 0.119097, 0.763227, 0.0625141, 0.370613, 0.218925, 0.0716824, 0.410725, 0.882172, 0.997357, 0.166637, 1.08497, 0.0398477, 0.571516, 0.555262, 0.165403, 0.393282, 0.133744, 0.0307921, 0.126399, 3.23904, 0.0517565, 0.119528, 0.365112, 0.0430721, 0.128191, 0.0353277, 0.570062, 0.0433152, 0.342315, 0.182015, 0.11559, 0.0731787, 0.22737, 0.269161, 0.62671, 0.451637, 0.474495, 0.194952, 0.209265, 0.95818, 0.626299, 0.118812, 0.354188, 0.0335975, 0.0726495, 0.069689, 0.110219, 0.237266, 0.125591, 0.0286464, 0.595515, 0.790066, 0.54504, 0.598069, 0.179146, 0.872431, 0.76677, 0.0298423, 0.43724, 0.0492853, 0.212261, 0.351665, 2.15009, 0.092487, 0.265329, 0.116736, 0.98492, 0.0225969, 0.0836138, 1.31684, 0.639356, 0.329248, 0.296576, 0.43503, 0.0977259, 0.0146261, 0.341191, 0.0745784, 0.587333, 0.912972, 0.0964434, 0.0878862, 0.483082, 0.200261, 0.622285, 0.211162, 0.155396, 0.0355004, 0.0681001, 0.0476871, 0.113938, 0.273131, 0.123837, 0.0895973, 0.118519, 0.0554505, 0.213833, 0.386045, 0.254829, 0.152606, 0.156263, 0.230381, 0.0814582, 0.348364, 0.287436, 0.126027, 0.201043, 0.262244, 0.161796, 0.0736478, 0.153209, 0.34562, 0.329233, 0.364655, 0.123718, 0.375132, 0.341862, 0.146274, 0.503505, 1.10592, 0.285541, 0.467415, 0.337207, 0.273827, 0.214857, 0.0957212, 0.443352, 0.234926, 0.119553, 0.374584, 0.0999134, 0.307823, 0.573085, 0.125547, 0.0405526, 0.762749, 0.0829969, 0.245905, 2.35489, 1.18426, 0.128788, 0.667757, 0.301488, 0.390841, 0.0354208, 0.0829033, 0.296584, 0.170489, 0.123809, 0.17136, 1.50544, 0.207664, 0.172266, 0.274444, 0.203903, 0.704367, 1.3856, 0.158235, 0.069308, 0.120019, 0.126543, 0.215047, 0.13122, 1.62553, 1.08217, 0.498848, 2.46206, 0.21957, 0.529592, 0.891443, 0.0453482, 0.603453, 0.0865608, 0.178526, 0.311857, 0.0469238, 0.13513, 0.659827, 0.267458, 0.0364069, 0.0803748, 0.611639, 0.209927, 0.0186751, 0.0657081, 0.40648, 0.0621241, 0.0806629, 0.335484, 0.426266, 0.246111, 0.993445, 0.229773, 0.0564248, 0.0948215, 0.430453, 1.22992, 0.691468, 0.488935, 0.0613446, 0.228821, 0.0390475, 0.305627, 0.385973, 0.825436, 0.152422, 0.433017, 0.075159, 0.225561, 0.423116, 0.377772, 0.522996, 0.292031, 0.781424, 0.09431, 0.962339, 0.151618, 0.453992, 0.384929, 2.35759, 0.164189, 0.115069, 0.0486654, 0.107585, 0.343577, 0.100394, 0.307255, 0.730622, 0.647378, 0.10079, 0.232596, 1.19742, 0.911417, 0.256374, 0.0761785, 0.240099, 0.205163, 0.278481, 0.305437, 0.12813, 0.255717, 0.218136, 0.524583, 0.0320292, 0.309527, 0.0607395, 0.0967843, 0.276796, 0.334295, 0.581232, 0.459656, 0.0533905, 0.0361881, 0.315101, 0.112373, 0.0417741, 0.0133977, 0.083469, 0.338628, 0.158618, 0.435337, 0.110311, 0.406218, 0.0196645, 1.26567, 0.225624, 2.38345, 0.0759772, 0.435969, 0.695161, 0.213358, 0.315049, 0.0581104, 0.456088, 0.577262, 0.0355815, 0.411009, 0.592483, 0.292906, 0.0611989, 0.249887, 0.288448, 0.0631045, 0.0286157, 0.0287635, 0.0633136, 0.557312, 0.103741, 0.34643, 0.0451925, 0.180957, 1.56074, 4.89705, 0.0919442, 0.27774, 0.0595881, 0.054364, 0.0342946, 0.0531986, 0.0525413, 0.0720416, 0.00568078, 0.0328725, 0.110702, 0.0737451 ]
}
