
{
  "stepsize" : 0.00184594,
  "metric_type" : "diag_e",
  "inv_metric" : [ 0.989103, 0.7381, 0.0871355, 0.084515, 0.0937081, 0.111602, 0.108684, 0.111079, 0.103307, 0.142802, 0.170166, 0.193937, 0.261964, 0.302267, 0.304794, 0.269853, 0.306949, 0.308943, 0.969039, 0.716396, 0.100987, 0.102819, 0.127898, 0.132021, 0.114507, 0.0762468, 0.0875855, 0.0960047, 0.133286, 0.15988, 0.207949, 0.222293, 0.25999, 0.237068, 0.296727, 0.252307, 1.06533, 0.478383, 0.12871, 0.139734, 0.127891, 0.110057, 0.100021, 0.0830693, 0.0903565, 0.0865061, 0.0843257, 0.0985575, 0.128902, 0.132999, 0.206214, 0.217282, 0.162094, 0.134891, 1.10238, 0.599705, 0.0577582, 0.0570549, 0.0445774, 0.0395502, 0.046475, 0.0413667, 0.0829088, 0.0796781, 0.0969401, 0.159637, 0.138155, 0.191438, 0.221909, 0.195301, 0.207156, 0.229249, 0.998928, 0.614595, 0.126393, 0.121574, 0.0604791, 0.0698017, 0.0823505, 0.0890861, 0.130509, 0.163495, 0.205406, 0.2503, 0.321736, 0.295921, 0.292449, 0.28123, 0.385146, 0.30835, 0.908724, 0.445756, 0.143292, 0.059633, 0.0270515, 0.0492075, 0.0218999, 0.096887, 0.21828, 0.253478, 0.295848, 0.274482, 0.356777, 0.360649, 0.350276, 0.219167, 0.384869, 0.281385, 0.999424, 0.832863, 0.0775874, 0.119417, 0.0788863, 0.060693, 0.0895213, 0.0791962, 0.098005, 0.0766432, 0.093377, 0.129956, 0.105745, 0.123714, 0.22482, 0.218797, 0.191682, 0.162801, 1.09321, 1.11883, 0.20243, 0.207827, 0.139183, 0.158823, 0.152477, 0.0912659, 0.114942, 0.130413, 0.14721, 0.112542, 0.130846, 0.154904, 0.199771, 0.226, 0.234846, 0.177946, 0.968822, 0.947524, 0.142777, 0.19021, 0.203986, 0.157142, 0.179435, 0.262024, 0.293403, 0.254075, 0.238471, 0.239979, 0.199883, 0.180154, 0.235767, 0.218988, 0.26901, 0.227559, 0.957485, 0.582072, 0.286638, 0.203814, 0.183765, 0.116475, 0.0965874, 0.0744146, 0.0566945, 0.114177, 0.193277, 0.234657, 0.296723, 0.364661, 0.399083, 0.384575, 0.301808, 0.348934, 1.12848, 0.728342, 0.298648, 0.397449, 0.203473, 0.05193, 0.14222, 0.248774, 0.172617, 0.186016, 0.14863, 0.127134, 0.110556, 0.286341, 0.320391, 0.239653, 0.295723, 0.365118, 1.13369, 0.779415, 0.867478, 0.703092, 0.942824, 0.836199, 0.89024, 0.770409, 0.972293, 0.939381, 0.837187, 1.02535, 0.862817, 0.937978, 0.810355, 0.867386, 0.816382, 1.03174, 0.85325, 0.995796, 1.00585, 0.791667, 0.878313, 0.855235, 0.952531, 1.0271, 0.883678, 0.981773, 0.910253, 0.881789, 1.01791, 1.00887, 0.810582, 0.919195, 0.780734, 0.935478, 0.990937, 1.07767, 0.899548, 0.945401, 1.02109, 1.15153, 0.965728, 1.05088, 0.846933, 0.923782, 1.03409, 1.06789, 0.974916, 0.914024, 0.815352, 0.772628, 0.847686, 0.922348, 1.13207, 0.958793, 0.969499, 1.16264, 0.925888, 0.927734, 1.14084, 0.90317, 0.99206, 0.769529, 1.19823, 0.865917, 0.904722, 0.695267, 0.685789, 0.812947, 0.789045, 0.883943, 1.00867, 0.844746, 1.02316, 0.874631, 1.02553, 0.862355, 0.826767, 1.03699, 0.837878, 0.978924, 0.968737, 0.792925, 0.821314, 0.825678, 0.752781, 0.799299, 0.81757, 0.983758, 1.05735, 0.986123, 1.09834, 0.890123, 1.12133, 1.04308, 0.926552, 0.981002, 0.689844, 0.721714, 0.805526, 0.913672, 0.904063, 0.967953, 0.688414, 1.02586, 0.944514, 1.09635, 0.979476, 0.927749, 0.847375, 0.87564, 1.0438, 0.988499, 1.03033, 0.817346, 0.998729, 0.827149, 0.872132, 0.903654, 0.956094, 0.883753, 0.693658, 0.897199, 0.765729, 1.01491, 1.08073, 0.829093, 0.674016, 0.922492, 0.673284, 0.907359, 0.920894, 1.05565, 0.988404, 1.0531, 1.03429, 1.08527, 0.873464, 0.807176, 0.745561, 0.934664, 1.04456, 0.992864, 1.185, 0.818438, 0.816533, 1.06001, 0.864722, 0.864685, 1.03087, 0.872636, 0.793039, 0.881925, 0.783855, 0.868351, 0.942479, 0.927466, 0.840748, 1.06473, 1.18379, 0.942879, 1.11607, 0.833246, 0.810689, 0.902425, 0.846921, 1.02891, 1.01979, 1.09001, 1.10368, 0.995569, 1.05135, 0.882337, 0.696227, 0.767203, 0.899862, 0.846969, 0.769499, 1.0683, 1.06966, 0.907292, 0.79371, 0.957889, 1.03091, 1.04939, 0.82159, 0.914849, 1.01314, 1.25709, 1.14139, 1.0301, 0.947917, 1.13778, 1.22851, 1.02627, 0.76464, 0.964084, 0.932266, 0.703166, 3.09929, 1.60852, 1.10808, 2.14812, 2.08464, 1.65858, 0.443863, 2.07704, 1.45756, 0.0280455, 0.307832, 0.308302, 0.369165, 0.307897, 0.317249, 0.386841, 0.375556, 0.424489, 0.355986, 0.294785, 0.469282, 0.609561, 0.762626, 0.0724002, 1.56706, 0.0983368, 0.0107737, 0.0101512, 0.0808242, 0.014357, 0.00853195, 0.0070128, 0.0268917, 0.0154373, 0.0125902, 0.00879079, 0.0134597 ]
}
