
{
  "stepsize" : 0.000499335,
  "metric_type" : "diag_e",
  "inv_metric" : [ 2.40924, 4.22053, 1.28229, 0.447797, 1.68452, 1.68648, 0.878201, 5.59484, 7.63935, 2.55233, 2.67944, 2.22605, 1.52137, 0.32842, 1.61238, 0.202642, 1.44508, 2.93199, 1.65874, 1.07268, 6.50378, 0.135062, 0.372826, 0.342644, 1.13526, 0.550333, 1.10656, 2.85447, 2.12588, 6.18145, 3.47421, 0.223186, 2.56193, 1.7727, 1.27036, 3.39365, 6.12448, 0.81405, 0.290192, 1.24929, 0.144541, 0.733451, 0.635926, 3.68248, 3.56197, 0.632174, 0.323912, 0.536001, 4.13355, 0.217358, 3.58966, 1.37405, 1.79027, 2.73237, 0.844035, 4.71462, 0.406518, 0.133116, 3.91782, 0.743919, 0.991749, 2.28879, 0.521062, 0.195408, 1.56558, 7.99901, 3.95323, 14.0752, 0.347655, 2.73196, 1.5853, 0.419153, 5.17702, 5.22217, 1.19858, 1.34762, 1.07386, 1.62783, 0.362746, 4.16115, 2.02711, 4.01672, 2.5089, 2.10932, 2.01821, 1.28023, 9.37118, 1.38268, 1.15452, 2.42205, 1.69568, 2.73132, 0.14072, 2.3885, 1.23556, 2.0076, 8.39616, 16.4714, 0.631447, 2.29446, 0.378125, 0.602466, 0.86972, 1.06846, 1.64966, 1.30215, 1.17145, 1.34288, 1.85877, 2.11072, 2.43593, 0.495739, 11.1751, 1.58096, 0.845061, 1.28966, 2.28173, 2.41447, 0.418112, 1.02752, 11.4825, 11.4806, 0.774031, 2.00432, 1.37505, 2.77148, 2.86539, 3.17888, 1.93246, 5.90248, 1.04692, 0.187828, 0.276727, 9.22533, 1.74713, 0.405164, 3.72784, 4.69935, 12.5975, 11.7074, 0.5892, 2.34731, 0.482152, 3.33375, 1.53399, 5.20066, 1.85765, 1.64193, 1.12201, 3.81174, 8.12796, 4.15627, 0.757714, 2.1263, 0.858635, 0.578515, 2.84986, 0.838127, 0.162829, 0.395008, 2.11056, 0.781923, 2.46227, 1.19382, 0.40268, 1.40872, 2.21872, 1.74494, 3.61773, 4.73901, 4.9222, 3.19642, 0.863503, 2.71625, 8.92125, 1.07457, 3.40759, 3.30888, 0.47824, 2.3375, 1.11831, 1.66687, 1.33662, 2.44829, 3.80344, 3.00827, 6.96516, 0.370584, 2.96862, 1.67311, 0.596835, 3.80593, 1.24243, 1.92467, 1.64121, 3.01724, 7.75744, 0.189735, 0.593471, 1.65241, 13.0121, 2.46145, 2.98377, 2.18906, 4.29009, 1.43199, 1.66822, 1.27845, 2.76211, 2.78359, 1.13158, 1.27596, 1.81631, 2.90772, 3.41017, 1.23829, 1.96369, 1.15155, 1.72228, 1.26249, 1.40924, 0.801091, 0.703786, 2.28415, 5.85244, 2.17408, 0.777667, 2.49462, 0.703589, 4.3846, 4.73859, 0.82393, 0.955093, 1.55312, 2.85181, 0.97419, 7.96539, 4.72107, 1.57708, 1.4216, 4.18585, 2.88723, 1.88403, 1.20268, 1.84155, 0.615304, 1.84981, 2.19155, 6.25833, 2.99499, 0.748293, 3.86142, 3.57178, 0.866605, 0.859613, 1.87898, 1.28909, 0.85549, 0.801699, 4.68923, 2.73843, 0.913764, 0.88911, 3.17585, 0.573989, 1.8145, 2.18536, 0.905647, 0.426136, 12.8326, 0.843324, 2.39163, 1.90903, 3.50231, 0.926317, 1.87172, 3.50101, 1.26016, 1.36389, 0.606275, 0.821816, 1.99469, 4.37127, 1.75323, 3.23191, 11.9759, 1.84506, 2.16166, 3.16621, 1.67918, 0.695448, 4.13406, 1.11952, 1.99004, 3.36831, 2.33049, 0.602771, 3.18468, 3.80989, 2.19387, 0.240033, 0.985262, 1.82482, 1.80653, 2.24234, 0.997922, 2.20754, 1.99018, 2.98444, 1.66505, 1.5403, 2.37377, 0.849599, 0.720365, 5.3193, 0.672139, 1.91647, 2.5139, 0.734615, 2.17577, 2.15419, 1.55, 1.85771, 1.6216, 1.54155, 3.27507, 2.23329, 1.07379, 2.22052, 4.54385, 2.61023, 0.943192, 5.8002, 1.83382, 2.72043, 3.98715, 1.48904, 1.85908, 1.32559, 2.93488, 1.63543, 0.518404, 2.17741, 1.89608, 0.561119, 0.990531, 0.77117, 6.03559, 5.01997, 4.66646, 4.98486, 0.955186, 5.20081, 1.01298, 0.339989, 1.01505, 2.82145, 1.46142, 2.86193, 3.90581, 0.662725, 3.05436, 5.57122, 1.03836, 3.43264, 3.06347, 0.900253, 2.18324, 0.396839, 1.50326, 0.507925, 4.6651, 4.79955, 1.64784, 0.366669, 2.14119, 1.12996, 2.22805, 1.32612, 4.24707, 9.8972, 4.12336, 1.45486, 2.23509, 0.831347, 3.57856, 2.16135, 1.32655, 1.65917, 0.268501, 1.9841, 1.43791, 0.182666, 0.249395, 2.87641, 1.10195, 1.51367, 0.606865, 5.86825, 0.631233, 0.360809, 0.53479, 1.64593, 1.36849, 8.33201, 0.332735, 0.499702, 0.370251, 3.76523, 0.234327, 0.479393, 0.367095, 0.285265, 0.442983, 0.506517, 0.548591, 1.02049, 0.506816, 0.266578, 0.279673, 1.40853, 2.74045, 0.396161, 0.0303853, 0.114697, 0.111002, 13.9164, 0.219965, 0.0355492, 0.0455606, 1.23692, 0.77219, 0.107591, 0.0526086, 0.0744776 ]
}
