
{
  "stepsize" : 0.00160203,
  "metric_type" : "diag_e",
  "inv_metric" : [ 1.0379, 0.790169, 0.112101, 0.106401, 0.143399, 0.170883, 0.159309, 0.173174, 0.182472, 0.207354, 0.212539, 0.25314, 0.282139, 0.314461, 0.28015, 0.283952, 0.303365, 0.32399, 1.08203, 0.885377, 0.112751, 0.122579, 0.133117, 0.162815, 0.141302, 0.117912, 0.125706, 0.143656, 0.148436, 0.179071, 0.294194, 0.242865, 0.296289, 0.294562, 0.332868, 0.323843, 0.960679, 0.481883, 0.153473, 0.167306, 0.155327, 0.139147, 0.126674, 0.107566, 0.124309, 0.124976, 0.136354, 0.123909, 0.177715, 0.257972, 0.21565, 0.246579, 0.217361, 0.172075, 0.915888, 0.576111, 0.0797299, 0.0756627, 0.0497679, 0.0592925, 0.0881626, 0.0702258, 0.136343, 0.119817, 0.115859, 0.157876, 0.202774, 0.299215, 0.223661, 0.261541, 0.253075, 0.238736, 0.940995, 0.585549, 0.135275, 0.120838, 0.0805995, 0.0936446, 0.129378, 0.151969, 0.189437, 0.247348, 0.23157, 0.210991, 0.356693, 0.353238, 0.351716, 0.362182, 0.446761, 0.393595, 0.994609, 0.474829, 0.158453, 0.0704834, 0.0425857, 0.0604506, 0.0241839, 0.0959319, 0.327227, 0.341013, 0.327423, 0.337317, 0.359602, 0.392487, 0.342999, 0.292724, 0.349132, 0.302658, 0.901931, 0.638655, 0.0714166, 0.144985, 0.102317, 0.0700754, 0.103802, 0.10311, 0.120999, 0.103729, 0.115599, 0.13284, 0.112333, 0.143845, 0.20173, 0.237446, 0.195143, 0.242563, 0.986201, 0.963226, 0.202408, 0.230989, 0.167408, 0.179231, 0.205201, 0.132776, 0.137981, 0.18064, 0.210691, 0.167226, 0.170026, 0.186933, 0.25815, 0.231364, 0.234575, 0.256251, 1.10913, 0.913843, 0.192908, 0.219176, 0.248023, 0.189879, 0.218082, 0.301125, 0.339088, 0.327053, 0.228443, 0.276051, 0.26788, 0.206685, 0.307119, 0.30385, 0.333809, 0.22845, 1.02589, 0.485457, 0.321781, 0.273523, 0.215171, 0.160563, 0.154534, 0.110711, 0.0736951, 0.135122, 0.216714, 0.27869, 0.286174, 0.401076, 0.500117, 0.497333, 0.433995, 0.49461, 0.991717, 0.773807, 0.335751, 0.455967, 0.308406, 0.0700459, 0.169773, 0.275802, 0.330927, 0.261238, 0.208, 0.146411, 0.149247, 0.298287, 0.356705, 0.270479, 0.369086, 0.421301, 1.03457, 0.949478, 0.848614, 1.03137, 1.02982, 0.907283, 1.11976, 0.863735, 0.98285, 1.1158, 1.02328, 0.934436, 0.872079, 0.744628, 0.782818, 0.868357, 0.863326, 1.12815, 1.08774, 0.998927, 0.801822, 0.810805, 0.981052, 0.96736, 1.0139, 1.0876, 0.957489, 1.09683, 0.986944, 0.916517, 0.791407, 0.859332, 0.890521, 0.860018, 0.825206, 1.10915, 1.15619, 1.09468, 0.907676, 1.03775, 1.03838, 0.972454, 0.941352, 1.07958, 1.1018, 1.08097, 0.888894, 0.973019, 1.10916, 0.837941, 0.76473, 0.846109, 0.839611, 0.979488, 0.861359, 1.06773, 0.881154, 0.891034, 1.03649, 0.839633, 1.11154, 1.02127, 0.905684, 0.941491, 1.0086, 1.07455, 1.04105, 0.693792, 0.805356, 0.794815, 0.829328, 0.990966, 1.09394, 0.948461, 0.900975, 0.997291, 1.0623, 1.2084, 1.02164, 1.0368, 1.01152, 1.03102, 0.821746, 0.838525, 0.854826, 0.744647, 0.751387, 0.919534, 0.835918, 1.01062, 1.13704, 0.952948, 0.980429, 0.905159, 0.960294, 1.06292, 1.17393, 0.967452, 0.803329, 0.762618, 0.73785, 0.788833, 0.923221, 0.860414, 0.929584, 0.900977, 0.879421, 1.205, 0.952118, 0.914113, 0.930072, 1.14837, 1.0235, 0.986099, 0.918444, 1.07406, 1.03361, 0.948255, 0.947167, 1.01065, 1.13769, 0.818492, 0.99454, 0.816369, 0.866195, 0.866131, 1.08745, 0.925967, 0.812384, 0.877581, 0.890047, 0.886643, 1.02789, 1.0963, 0.877483, 1.09131, 1.16089, 1.19491, 0.966953, 0.80017, 0.740367, 0.815254, 1.04813, 1.12232, 1.0397, 0.970101, 0.86023, 0.912554, 0.998669, 1.08936, 1.03566, 0.811922, 0.895665, 0.922016, 0.814859, 1.07744, 0.978156, 0.893792, 0.752988, 1.06564, 1.02279, 0.926735, 1.02462, 0.956651, 0.96246, 0.854814, 0.949676, 1.17633, 1.06045, 1.03983, 1.08915, 1.05513, 1.19061, 0.91726, 0.781237, 0.908537, 0.918217, 0.87281, 0.860376, 0.990641, 0.831031, 0.852324, 0.893592, 0.895901, 1.17853, 0.986125, 0.95561, 1.01381, 0.893979, 1.19615, 1.12264, 1.05298, 0.774785, 1.15119, 1.11207, 1.05588, 0.758422, 1.09709, 1.37631, 1.08203, 2.86628, 1.60426, 1.447, 2.58185, 2.23343, 1.74751, 1.14867, 2.44244, 1.70326, 0.0327473, 0.787869, 0.356227, 0.41706, 0.397854, 0.34258, 0.393273, 0.393747, 0.370039, 0.354753, 0.345323, 0.55014, 0.58803, 0.626311, 0.0746747, 2.22306, 0.121751, 0.0168174, 0.0114604, 0.089525, 0.0137537, 0.00976316, 0.014493, 0.036981, 0.0194073, 0.0157113, 0.0100794, 0.0186686 ]
}
