
{
  "stepsize" : 0.00182693,
  "metric_type" : "diag_e",
  "inv_metric" : [ 1.01904, 0.731009, 0.088519, 0.0887582, 0.104417, 0.137751, 0.101409, 0.111906, 0.118277, 0.152065, 0.171599, 0.208192, 0.262499, 0.260345, 0.267614, 0.286903, 0.293698, 0.260358, 0.978734, 0.865307, 0.10964, 0.116515, 0.143847, 0.12591, 0.0972841, 0.0932777, 0.0989537, 0.118227, 0.121668, 0.148662, 0.214974, 0.243492, 0.275978, 0.246426, 0.331042, 0.293145, 1.05014, 0.532823, 0.138715, 0.1519, 0.148416, 0.133518, 0.110056, 0.0874489, 0.102491, 0.100161, 0.0933703, 0.0985994, 0.121655, 0.162383, 0.175707, 0.185778, 0.165477, 0.140306, 0.939537, 0.559827, 0.0616103, 0.0499903, 0.0312226, 0.0351744, 0.049954, 0.0361408, 0.0796336, 0.078401, 0.0912819, 0.114578, 0.169062, 0.190456, 0.211331, 0.231567, 0.232729, 0.206611, 1.10447, 0.626039, 0.126781, 0.110066, 0.0488635, 0.0621669, 0.0939197, 0.0959744, 0.136834, 0.184238, 0.2318, 0.222733, 0.314912, 0.350234, 0.325686, 0.329339, 0.364608, 0.31476, 0.981273, 0.438682, 0.134811, 0.0517567, 0.0250853, 0.0392153, 0.0230741, 0.0982342, 0.190715, 0.282001, 0.279205, 0.276305, 0.339897, 0.305309, 0.296007, 0.224742, 0.306939, 0.238303, 0.867169, 0.661337, 0.0728746, 0.122552, 0.0650779, 0.0482405, 0.0817131, 0.0739503, 0.0968412, 0.0808851, 0.084447, 0.107005, 0.0952101, 0.129828, 0.178625, 0.187161, 0.188373, 0.155561, 1.0315, 0.970923, 0.203843, 0.178099, 0.146186, 0.158072, 0.155475, 0.0823172, 0.107824, 0.14866, 0.1205, 0.100378, 0.124163, 0.199662, 0.249106, 0.23186, 0.213769, 0.211452, 0.882696, 0.921164, 0.152018, 0.161738, 0.197429, 0.159979, 0.171933, 0.220492, 0.249442, 0.298781, 0.217938, 0.248902, 0.197383, 0.202438, 0.209824, 0.232851, 0.288735, 0.216139, 1.01694, 0.53045, 0.314333, 0.239, 0.187299, 0.135337, 0.0926799, 0.0740182, 0.0567241, 0.12289, 0.19419, 0.281054, 0.30441, 0.334996, 0.400273, 0.367425, 0.36405, 0.35053, 0.962904, 0.725932, 0.314826, 0.419643, 0.236249, 0.0423089, 0.147513, 0.282059, 0.225219, 0.194392, 0.14751, 0.11149, 0.116102, 0.30108, 0.280915, 0.231299, 0.289004, 0.421763, 0.963053, 0.962104, 0.825926, 0.884974, 0.928637, 0.793919, 0.889448, 1.00199, 1.03092, 0.916957, 0.931016, 0.856879, 0.910463, 0.798751, 0.766822, 0.882298, 0.892923, 1.02208, 0.909971, 0.979926, 0.940725, 0.831892, 0.819403, 1.00647, 0.970415, 0.998316, 0.968191, 0.959981, 0.993944, 0.859545, 1.00217, 0.906784, 0.806526, 0.867975, 0.912257, 1.03003, 0.930114, 1.09488, 1.00199, 0.931982, 1.00293, 0.962323, 0.975935, 0.901259, 1.07414, 1.01621, 0.926525, 0.863425, 0.929527, 0.959818, 0.85452, 0.901967, 0.811342, 0.968061, 1.0288, 0.887583, 0.958281, 0.996142, 1.00418, 0.93369, 0.978772, 0.936207, 0.967028, 1.05529, 0.960624, 1.03449, 0.97764, 0.818845, 0.811872, 0.791584, 0.747209, 1.10318, 0.91701, 0.890171, 1.01664, 0.950698, 0.900785, 0.964755, 0.862793, 0.852904, 0.97371, 1.02004, 0.764465, 0.784066, 0.874918, 0.780557, 0.940512, 0.84402, 0.727207, 0.948619, 0.927419, 0.908423, 0.995097, 1.07132, 0.943851, 1.14109, 1.09853, 0.964418, 0.782636, 0.682228, 0.730433, 0.930409, 0.947821, 1.01255, 0.811107, 0.910069, 0.895808, 0.904879, 0.924235, 1.12943, 0.896487, 1.04342, 0.907254, 0.848784, 0.917621, 1.02055, 1.08507, 1.10835, 1.02886, 1.0592, 1.03642, 0.87713, 0.833831, 0.89212, 0.76978, 1.03225, 0.980043, 0.847233, 0.792502, 0.937422, 0.793458, 0.864077, 1.00402, 0.944783, 1.00289, 0.969807, 0.989419, 1.09175, 0.926133, 0.849505, 0.793411, 0.793282, 0.934795, 0.94154, 1.06044, 0.826304, 0.864974, 0.801596, 0.978139, 0.919482, 1.03419, 0.744678, 0.951945, 0.823514, 0.904676, 1.0204, 0.928726, 0.893493, 0.805723, 1.10219, 1.06695, 1.00122, 1.02263, 0.978074, 0.833209, 0.849633, 0.977726, 0.93273, 0.999701, 1.17921, 0.976167, 1.02954, 1.02127, 0.843119, 0.765959, 0.665845, 0.934769, 0.996473, 0.901311, 1.08253, 0.885072, 0.997914, 0.698912, 0.965185, 1.1264, 0.996478, 0.810971, 0.955001, 0.990239, 1.2892, 1.00265, 1.01443, 1.05109, 1.15373, 1.24912, 1.13265, 0.781145, 0.897332, 0.968366, 1.86712, 4.18691, 1.87317, 1.31132, 2.06426, 1.31951, 1.66256, 0.946638, 2.48251, 2.0762, 0.0254268, 0.353112, 0.325474, 0.419357, 0.368306, 0.308157, 0.318627, 0.34475, 0.377689, 0.332249, 0.331984, 0.495638, 0.609467, 0.616404, 0.0676614, 1.50705, 0.111302, 0.0100083, 0.00906611, 0.0570924, 0.00946792, 0.00880197, 0.00757085, 0.0183976, 0.0130636, 0.00925283, 0.01003, 0.0141849 ]
}
