
{
  "stepsize" : 0.00169784,
  "metric_type" : "diag_e",
  "inv_metric" : [ 0.922143, 0.748466, 0.0932965, 0.0989504, 0.121543, 0.133438, 0.138502, 0.134414, 0.133125, 0.171591, 0.209362, 0.243049, 0.268104, 0.284584, 0.302885, 0.320676, 0.351486, 0.338306, 0.97363, 0.845054, 0.100297, 0.112243, 0.158194, 0.137195, 0.104429, 0.0954132, 0.0899741, 0.1069, 0.118427, 0.168147, 0.231557, 0.238468, 0.263057, 0.241044, 0.403721, 0.322824, 1.13891, 0.557355, 0.137163, 0.151927, 0.146155, 0.122665, 0.118245, 0.093324, 0.108012, 0.102822, 0.104369, 0.126795, 0.149544, 0.175457, 0.217836, 0.207333, 0.213833, 0.188697, 0.998318, 0.562617, 0.0827812, 0.0519323, 0.0389884, 0.0377924, 0.0552384, 0.0407866, 0.0975894, 0.0872554, 0.0970192, 0.117031, 0.142503, 0.205497, 0.213253, 0.258255, 0.202402, 0.221664, 0.960121, 0.597947, 0.135656, 0.105254, 0.0720714, 0.0833864, 0.0881432, 0.0965898, 0.139779, 0.202498, 0.253082, 0.230109, 0.32008, 0.314037, 0.323837, 0.339286, 0.376874, 0.334712, 0.94397, 0.419417, 0.137989, 0.0598671, 0.0279845, 0.0464749, 0.0197141, 0.0863624, 0.241791, 0.295405, 0.285833, 0.305255, 0.370418, 0.299007, 0.319086, 0.257752, 0.310721, 0.271143, 0.885395, 0.669648, 0.072975, 0.116004, 0.072414, 0.0596544, 0.0924994, 0.0914519, 0.0900455, 0.0758664, 0.0903317, 0.113261, 0.104804, 0.128374, 0.204525, 0.189016, 0.197809, 0.200519, 1.05221, 1.02487, 0.214475, 0.217258, 0.152875, 0.167801, 0.164956, 0.0861074, 0.107721, 0.129117, 0.131186, 0.112604, 0.154931, 0.20867, 0.235075, 0.217347, 0.20657, 0.209619, 0.960064, 0.85346, 0.171062, 0.180403, 0.199165, 0.160754, 0.194168, 0.248428, 0.263662, 0.300734, 0.226383, 0.248178, 0.216492, 0.225319, 0.261763, 0.236723, 0.270642, 0.210202, 1.01071, 0.542254, 0.298866, 0.253046, 0.187194, 0.147169, 0.12033, 0.0766933, 0.052809, 0.116272, 0.218811, 0.268865, 0.288555, 0.337411, 0.404103, 0.453415, 0.364344, 0.3953, 0.95779, 0.691017, 0.304345, 0.436094, 0.221974, 0.0494484, 0.147745, 0.261828, 0.261848, 0.220984, 0.133761, 0.11588, 0.12429, 0.272538, 0.335995, 0.263591, 0.324916, 0.374857, 1.04399, 0.919489, 0.822461, 0.804, 0.950824, 0.933496, 0.899463, 0.879112, 0.865925, 0.94758, 0.892105, 0.802891, 0.763479, 0.851339, 0.785524, 0.962817, 0.887362, 1.16337, 0.930382, 0.825309, 0.835096, 0.904908, 0.9919, 0.937791, 1.14699, 0.908121, 0.828869, 0.815943, 0.959338, 0.856892, 0.923163, 0.901155, 0.759798, 0.931335, 0.907559, 0.962232, 0.971934, 0.886714, 1.02813, 0.927307, 0.870163, 1.01451, 1.12047, 0.995233, 1.02521, 0.947304, 0.886594, 0.979332, 0.973115, 0.911566, 0.719019, 0.979404, 0.870233, 0.931861, 0.947461, 0.997941, 1.00658, 0.995101, 0.926022, 0.995364, 1.05596, 0.972287, 0.966756, 0.960784, 0.965391, 0.906519, 0.991458, 0.754934, 0.852517, 0.747897, 0.876096, 0.917978, 0.877595, 0.94694, 0.862058, 1.11258, 1.00977, 0.751012, 0.968111, 1.00709, 0.926298, 0.969435, 0.86142, 0.789449, 0.774286, 0.77822, 0.768361, 0.793501, 0.849063, 0.939802, 1.06116, 1.0117, 1.02318, 0.986069, 0.983847, 1.09735, 1.145, 1.03667, 0.67474, 0.71354, 0.716575, 0.996517, 0.882509, 0.989503, 0.833837, 0.815221, 0.94686, 0.93406, 1.1156, 0.959427, 0.757349, 0.915238, 0.943552, 0.925424, 1.05051, 0.946135, 1.13319, 0.890235, 0.925613, 1.22416, 1.03433, 0.93573, 0.83626, 0.813217, 0.874612, 0.916436, 0.935367, 0.821506, 0.779844, 0.970225, 0.778623, 0.889557, 0.972245, 1.08031, 0.889827, 0.92347, 1.12978, 1.18914, 0.922461, 0.821385, 0.831642, 0.742341, 1.04688, 0.963856, 0.870102, 0.940529, 0.831547, 0.844536, 0.939188, 1.01982, 0.908948, 0.776046, 0.751575, 0.953589, 0.970007, 0.996608, 0.882032, 0.95398, 0.766433, 1.00498, 0.980729, 0.999587, 1.05107, 0.960664, 0.896643, 0.935196, 1.01182, 1.06031, 0.918026, 1.0368, 0.944745, 1.07174, 0.996738, 0.956533, 0.778028, 0.726929, 0.930474, 0.785371, 0.867571, 0.923577, 1.02322, 0.903441, 0.79005, 1.03477, 0.898054, 1.0401, 0.790783, 1.03518, 0.91598, 0.968383, 1.05409, 1.03444, 0.901648, 1.2084, 1.17283, 1.00603, 0.819034, 0.932172, 1.11115, 1.35253, 3.60813, 1.57371, 2.30672, 1.39482, 1.92121, 2.19375, 1.4368, 2.74077, 1.83495, 0.029006, 0.349314, 0.341092, 0.424836, 0.335373, 0.327896, 0.348258, 0.355019, 0.404248, 0.291953, 0.316887, 0.506933, 0.617261, 0.593278, 0.0665747, 1.35375, 0.139567, 0.0125142, 0.00846921, 0.0813458, 0.0128855, 0.00852548, 0.00871741, 0.0292378, 0.0172896, 0.0113604, 0.0080423, 0.013217 ]
}
