
{
  "stepsize" : 0.00213364,
  "metric_type" : "diag_e",
  "inv_metric" : [ 1.00232, 0.765985, 0.0861137, 0.0902195, 0.123508, 0.129208, 0.138258, 0.147552, 0.131927, 0.195434, 0.213654, 0.25393, 0.287707, 0.303291, 0.347921, 0.370711, 0.31013, 0.326338, 1.19836, 0.777302, 0.118378, 0.115519, 0.137818, 0.179558, 0.102797, 0.0905315, 0.0844793, 0.133211, 0.147229, 0.179545, 0.218931, 0.249935, 0.30039, 0.231601, 0.365687, 0.287783, 0.822648, 0.468358, 0.10487, 0.12015, 0.122245, 0.112605, 0.0953606, 0.0850071, 0.0999045, 0.102762, 0.113754, 0.126085, 0.156975, 0.146548, 0.212583, 0.161227, 0.17128, 0.136326, 0.856511, 0.636583, 0.0838371, 0.0649302, 0.0372749, 0.0402073, 0.057658, 0.045871, 0.056148, 0.0692698, 0.109123, 0.127037, 0.171598, 0.255718, 0.224866, 0.220666, 0.231215, 0.22831, 1.0685, 0.496417, 0.126188, 0.112236, 0.0538334, 0.0729716, 0.0944092, 0.128803, 0.159985, 0.224979, 0.291631, 0.242882, 0.341056, 0.346299, 0.344804, 0.352805, 0.453806, 0.377518, 0.824998, 0.444378, 0.143066, 0.0608509, 0.0283822, 0.0515364, 0.0259403, 0.107057, 0.227357, 0.259623, 0.306225, 0.298069, 0.344286, 0.402707, 0.346543, 0.2589, 0.426831, 0.333898, 1.19664, 0.705025, 0.0711449, 0.132122, 0.0864907, 0.0497024, 0.0939549, 0.108127, 0.0777382, 0.0722627, 0.102708, 0.109034, 0.12209, 0.135765, 0.195175, 0.187986, 0.202187, 0.17589, 0.839574, 1.05003, 0.194561, 0.184985, 0.208209, 0.183436, 0.167449, 0.0803101, 0.112936, 0.124484, 0.136867, 0.128453, 0.125818, 0.198827, 0.2578, 0.20804, 0.244921, 0.206097, 1.10219, 0.886081, 0.183858, 0.210685, 0.205581, 0.186279, 0.183197, 0.26589, 0.274052, 0.279265, 0.233007, 0.263515, 0.215802, 0.193054, 0.240168, 0.233008, 0.272192, 0.25829, 0.920672, 0.514844, 0.30118, 0.246996, 0.189874, 0.140694, 0.102632, 0.0735698, 0.0556402, 0.11231, 0.186461, 0.288864, 0.292423, 0.355824, 0.460995, 0.343922, 0.347599, 0.359055, 1.0646, 0.680238, 0.315638, 0.447936, 0.207011, 0.0435515, 0.143661, 0.236848, 0.241779, 0.224659, 0.165386, 0.117437, 0.137754, 0.231908, 0.328512, 0.283328, 0.292415, 0.350225, 0.974305, 0.956973, 0.799456, 0.822561, 0.803062, 0.952866, 0.992374, 0.919806, 0.940911, 0.913417, 1.04909, 0.828185, 0.769837, 0.765757, 0.858665, 0.831937, 0.856662, 0.970582, 0.991654, 0.889046, 0.931471, 0.810922, 0.872004, 0.853448, 1.05523, 1.12946, 0.955943, 1.07697, 0.842904, 0.858954, 0.842222, 0.853664, 0.657092, 0.902594, 0.772967, 0.943085, 0.98078, 0.730238, 0.918334, 0.835446, 0.970307, 1.0601, 1.10001, 0.916117, 0.819608, 0.976638, 0.796095, 0.886423, 0.927595, 0.861374, 0.802753, 0.805049, 0.787299, 1.25928, 0.837955, 0.996999, 1.01713, 0.900116, 0.901611, 1.07605, 1.12549, 1.04066, 0.991415, 0.975663, 0.953124, 0.879393, 0.943532, 0.812959, 0.744535, 0.683973, 0.85408, 0.855567, 0.946073, 0.820037, 0.929946, 1.02232, 0.910359, 0.832436, 1.00741, 0.927617, 0.878514, 0.987482, 0.683769, 0.744189, 0.875138, 0.736344, 0.719113, 0.94261, 0.725126, 0.825803, 0.987795, 0.970056, 0.918135, 1.15749, 1.01408, 1.05584, 1.23998, 1.13071, 0.718254, 0.758933, 0.701983, 0.744098, 0.934211, 0.926101, 0.848563, 0.920377, 0.885628, 1.02886, 1.07778, 0.924, 0.930932, 1.07223, 0.935667, 0.834945, 0.987813, 1.04591, 0.886001, 0.962525, 0.862471, 1.09876, 0.921489, 0.870269, 0.848411, 0.749552, 0.695994, 1.13277, 0.957097, 0.92332, 0.768226, 0.990273, 0.765349, 0.857174, 1.05553, 1.0309, 0.832651, 0.909364, 0.979617, 1.26298, 1.02338, 0.863294, 0.932126, 0.796891, 0.940465, 0.855636, 1.17673, 0.890446, 0.880287, 0.925281, 1.0737, 0.861293, 1.01196, 0.733494, 0.746465, 0.887888, 0.88683, 1.09213, 0.997139, 0.837133, 0.864626, 1.0539, 0.975424, 0.950145, 1.07435, 0.976105, 0.730864, 0.849673, 0.904461, 1.10909, 0.89052, 1.15835, 1.12091, 0.972854, 1.06145, 0.711653, 0.711535, 0.737391, 0.813847, 0.901937, 0.758018, 0.92621, 0.987198, 0.91399, 0.72917, 0.985364, 1.16963, 1.10979, 0.809268, 0.920562, 0.848484, 1.12432, 1.13018, 1.09806, 0.945792, 1.1952, 1.1698, 1.0991, 0.719127, 0.956839, 0.712473, 1.01374, 3.54739, 1.22454, 1.58838, 2.07481, 2.75902, 2.73696, 1.60078, 3.78382, 1.58575, 0.0301777, 0.3504, 0.309388, 0.379498, 0.403668, 0.281787, 0.372068, 0.381708, 0.365142, 0.323035, 0.366051, 0.538093, 0.437533, 0.548843, 0.0838195, 1.32863, 0.0910977, 0.00724362, 0.00657347, 0.0304993, 0.00754031, 0.00731141, 0.00742059, 0.0108559, 0.00926942, 0.00783501, 0.00801603, 0.0118921 ]
}
