
{
  "stepsize" : 3.35821e-39,
  "metric_type" : "diag_e",
  "inv_metric" : [ 9.90099e-06, 9.90146e-06, 9.90113e-06, 9.90099e-06, 9.90099e-06, 9.90099e-06, 9.90099e-06, 9.90099e-06, 9.90099e-06, 9.90099e-06, 9.90099e-06, 9.90099e-06, 9.90099e-06, 9.90099e-06, 9.90099e-06, 9.90099e-06, 9.90099e-06, 9.90099e-06, 9.90099e-06, 9.90294e-06, 9.90112e-06, 9.901e-06, 9.90099e-06, 9.90099e-06, 9.90099e-06, 9.90099e-06, 9.90099e-06, 9.90099e-06, 9.90099e-06, 9.90099e-06, 9.90099e-06, 9.90099e-06, 9.90099e-06, 9.90099e-06, 9.90099e-06, 9.90099e-06, 9.90099e-06, 9.90249e-06, 9.90121e-06, 9.90102e-06, 9.90119e-06, 9.90454e-06, 9.91324e-06, 9.90101e-06, 9.90835e-06, 1.0269e-05, 4.97612e-05, 1.09959e-05, 9.90099e-06, 0.000195184, 1.06709e-05, 9.90099e-06, 9.90099e-06, 9.90099e-06, 9.90099e-06, 9.90107e-06, 9.90118e-06, 9.90114e-06, 9.901e-06, 9.90107e-06, 9.90123e-06, 1.00011e-05, 2.30861e-05, 0.000155242, 9.90099e-06, 9.90099e-06, 9.90099e-06, 1.00451e-05, 9.90099e-06, 9.90099e-06, 9.90099e-06, 9.90099e-06, 9.90099e-06, 9.90104e-06, 9.90102e-06, 9.90102e-06, 9.90099e-06, 9.90099e-06, 9.90099e-06, 9.90099e-06, 9.90099e-06, 9.90099e-06, 9.90099e-06, 9.90099e-06, 9.90099e-06, 9.90099e-06, 9.90099e-06, 9.90099e-06, 9.90099e-06, 9.90099e-06, 9.90099e-06, 9.90126e-06, 9.90108e-06, 9.90099e-06, 9.90099e-06, 9.90099e-06, 9.90099e-06, 9.90099e-06, 9.90099e-06, 9.90099e-06, 9.90099e-06, 9.90099e-06, 9.90099e-06, 9.90099e-06, 9.90099e-06, 9.90099e-06, 9.90099e-06, 9.90099e-06, 9.90099e-06, 9.90148e-06, 9.90112e-06, 9.901e-06, 9.90101e-06, 9.90099e-06, 9.90099e-06, 9.90099e-06, 9.90099e-06, 9.90099e-06, 9.90099e-06, 9.90099e-06, 9.90099e-06, 9.90099e-06, 9.90099e-06, 9.90099e-06, 9.90099e-06, 9.90099e-06, 9.90099e-06, 9.9022e-06, 9.90136e-06, 9.90099e-06, 9.90099e-06, 9.90099e-06, 9.90099e-06, 9.90099e-06, 9.90099e-06, 9.90099e-06, 9.90099e-06, 9.90099e-06, 9.90099e-06, 9.90099e-06, 9.90099e-06, 9.90099e-06, 9.90099e-06, 9.90099e-06, 9.90099e-06, 9.90164e-06, 9.9014e-06, 9.90176e-06, 9.90099e-06, 9.90099e-06, 9.90099e-06, 9.90099e-06, 9.90099e-06, 9.90099e-06, 9.90099e-06, 9.90099e-06, 9.90099e-06, 9.90099e-06, 9.90099e-06, 9.90099e-06, 9.90099e-06, 9.90099e-06, 9.90099e-06, 9.9029e-06, 9.90122e-06, 9.90099e-06, 9.90099e-06, 9.90099e-06, 9.90099e-06, 9.90099e-06, 9.90099e-06, 9.90099e-06, 9.90099e-06, 9.90099e-06, 9.90099e-06, 9.90099e-06, 9.90099e-06, 9.90099e-06, 9.90099e-06, 9.90099e-06, 9.90099e-06, 9.90121e-06, 9.901e-06, 9.90099e-06, 9.90099e-06, 9.90099e-06, 9.90099e-06, 9.90099e-06, 9.90099e-06, 9.90099e-06, 9.90099e-06, 9.90099e-06, 9.90099e-06, 9.90099e-06, 9.90099e-06, 9.90099e-06, 9.90099e-06, 9.90099e-06, 9.90099e-06, 9.90099e-06, 9.90099e-06, 9.90099e-06, 9.90099e-06, 9.90099e-06, 9.90099e-06, 9.90099e-06, 9.90099e-06, 9.90099e-06, 9.90099e-06, 9.90099e-06, 9.90099e-06, 9.90099e-06, 9.90099e-06, 9.90099e-06, 9.90099e-06, 9.90099e-06, 9.90099e-06, 9.90104e-06, 9.90099e-06, 9.9031e-06, 9.9106e-06, 9.95361e-06, 1.03043e-05, 9.90517e-06, 9.90099e-06, 9.91523e-06, 1.01114e-05, 9.90103e-06, 1.00084e-05, 9.90099e-06, 9.90099e-06, 9.90099e-06, 9.90099e-06, 9.90099e-06, 9.90099e-06, 9.90099e-06, 9.90099e-06, 9.90099e-06, 9.90755e-06, 1.00192e-05, 9.90174e-06, 9.90171e-06, 9.90845e-06, 9.90322e-06, 9.92224e-06, 1.00847e-05, 9.92609e-06, 9.90272e-06, 9.90099e-06, 9.90099e-06, 9.90099e-06, 9.90099e-06, 9.90099e-06, 9.901e-06, 9.90099e-06, 9.90102e-06, 1.00016e-05, 9.9136e-06, 1.03337e-05, 9.90099e-06, 9.90843e-06, 9.95359e-06, 1.00651e-05, 9.90099e-06, 1.0049e-05, 9.9015e-06, 9.90099e-06, 9.90099e-06, 9.90099e-06, 9.90099e-06, 9.90099e-06, 9.901e-06, 9.90099e-06, 9.90099e-06, 9.91037e-06, 9.901e-06, 9.90107e-06, 9.92413e-06, 9.94654e-06, 9.90233e-06, 9.91903e-06, 9.90125e-06, 9.90099e-06, 9.90105e-06, 9.90099e-06, 9.90099e-06, 9.90099e-06, 9.90099e-06, 9.90099e-06, 9.90099e-06, 9.90099e-06, 9.90099e-06, 9.90126e-06, 9.90112e-06, 9.90103e-06, 9.90726e-06, 1.06447e-05, 9.90104e-06, 9.90103e-06, 9.90118e-06, 1.03137e-05, 9.90347e-06, 9.90099e-06, 9.90099e-06, 9.90099e-06, 9.90099e-06, 9.90099e-06, 9.90099e-06, 9.90099e-06, 9.90102e-06, 9.90344e-06, 9.94333e-06, 9.9754e-06, 1.00099e-05, 9.90099e-06, 9.92926e-06, 9.90226e-06, 9.90133e-06, 1.0132e-05, 9.90106e-06, 9.90099e-06, 9.90099e-06, 9.90099e-06, 9.90099e-06, 9.90099e-06, 9.90099e-06, 9.90099e-06, 9.90555e-06, 9.90191e-06, 9.90099e-06, 9.90103e-06, 1.14934e-05, 9.90099e-06, 9.90694e-06, 9.90109e-06, 9.90099e-06, 9.92084e-06, 9.90099e-06, 9.90099e-06, 9.90099e-06, 9.90099e-06, 9.90099e-06, 9.90099e-06, 9.90099e-06, 9.901e-06, 9.90099e-06, 9.94094e-06, 9.90099e-06, 9.90099e-06, 9.90099e-06, 9.90099e-06, 9.90678e-06, 9.90099e-06, 9.90116e-06, 1.04495e-05, 9.90175e-06, 9.90099e-06, 9.90099e-06, 9.90099e-06, 9.90099e-06, 9.90099e-06, 9.90099e-06, 9.90099e-06, 9.90438e-06, 9.90106e-06, 9.90119e-06, 9.94494e-06, 9.901e-06, 9.99585e-06, 9.90105e-06, 9.90733e-06, 9.901e-06, 9.90105e-06, 9.90145e-06, 9.90099e-06, 9.90099e-06, 9.90099e-06, 9.90099e-06, 9.90099e-06, 9.90099e-06, 9.90099e-06, 9.90099e-06, 9.90114e-06, 9.90106e-06, 9.9133e-06, 9.901e-06, 9.90188e-06, 9.90178e-06, 9.90134e-06, 1.01128e-05, 9.90123e-06, 9.90099e-06, 9.90099e-06, 9.90099e-06, 9.90099e-06, 9.90099e-06, 9.90172e-06, 9.93909e-06, 9.90099e-06, 9.90223e-06, 9.95629e-06, 9.90373e-06, 9.90221e-06, 9.94473e-06, 9.92793e-06, 1.00251e-05, 9.91369e-06, 9.90099e-06, 9.90099e-06, 9.90265e-06, 1.018e-05, 9.90146e-06, 9.91001e-06, 1.06181e-05, 1.03153e-05, 9.96673e-06, 1.03062e-05, 1.00203e-05, 9.90609e-06, 9.90099e-06, 9.90099e-06, 1.00951e-05, 2.05504e-05, 2.71071e-05, 2.64137e-05, 1.06002e-05, 0.00014066, 0.000544094, 9.95678e-06, 9.92423e-06, 9.93634e-06, 9.97466e-06, 9.95e-06, 9.91439e-06, 9.90128e-06 ]
}
