
{
  "stepsize" : 2.27146e-06,
  "metric_type" : "diag_e",
  "inv_metric" : [ 1.03614e-05, 7.43382e-05, 2.40761e-05, 0.00201884, 2.84554e-05, 0.000331632, 6.19801e-05, 0.000129028, 2.42871e-05, 0.000116861, 3.73169e-05, 1.90134e-05, 3.8002e-05, 1.1238e-05, 0.000538215, 1.2635e-05, 1.36323e-05, 0.0355333, 1.06874e-05, 0.0116944, 0.257987, 0.57118, 0.2635, 0.0599575, 0.0288705, 0.00827459, 0.000593213, 0.00349118, 6.15033e-05, 1.21647e-05, 1.41881e-05, 1.10334e-05, 1.01328e-05, 0.00077245, 1.1317e-05, 0.000120176, 9.93837e-06, 1.3587e-05, 1.57157e-05, 3.95922e-05, 4.00143e-05, 5.2707e-05, 5.86124e-05, 5.9321e-05, 1.0363e-05, 1.56397e-05, 1.18825e-05, 1.55273e-05, 8.8723e-05, 0.00251017, 1.09195e-05, 1.08465e-05, 1.28179e-05, 0.000138317, 1.45083e-05, 1.02794e-05, 2.13549e-05, 2.18429e-05, 1.19592e-05, 1.0272e-05, 1.19794e-05, 1.07888e-05, 1.53866e-05, 4.50333e-05, 1.35439e-05, 1.24667e-05, 0.000166833, 0.000643613, 1.69427e-05, 0.000169471, 2.07148e-05, 7.3474e-05, 1.4176e-05, 1.74079e-05, 2.03191e-05, 5.25296e-05, 1.03722e-05, 1.62094e-05, 0.000255961, 3.8984e-05, 8.72832e-05, 0.00013544, 0.000604542, 1.57265e-05, 2.83844e-05, 1.04838e-05, 1.17022e-05, 1.83991e-05, 1.21525e-05, 1.2207e-05, 1.01762e-05, 2.35786e-05, 1.14813e-05, 1.18944e-05, 1.26015e-05, 1.0632e-05, 1.01415e-05, 0.000275205, 2.87248e-05, 1.03275e-05, 1.62107e-05, 4.05175e-05, 1.44894e-05, 9.9825e-06, 1.61368e-05, 1.03566e-05, 1.70349e-05, 1.85405e-05, 1.30482e-05, 4.11194e-05, 4.0073e-05, 1.9178e-05, 1.17088e-05, 1.10964e-05, 3.33259e-05, 2.55537e-05, 1.00753e-05, 1.06014e-05, 9.937e-06, 1.06979e-05, 1.11338e-05, 1.9294e-05, 1.00285e-05, 2.50342e-05, 1.0489e-05, 1.026e-05, 1.07701e-05, 0.000232947, 0.000167348, 2.07021e-05, 1.02116e-05, 1.00611e-05, 1.12224e-05, 1.02343e-05, 1.148e-05, 1.00854e-05, 1.03878e-05, 9.98618e-06, 9.95714e-06, 1.00609e-05, 9.98991e-06, 1.05549e-05, 1.01811e-05, 1.08042e-05, 1.00884e-05, 0.00091811, 0.00166607, 0.00070066, 1.08801e-05, 1.65445e-05, 4.33959e-05, 2.68e-05, 2.4009e-05, 4.26301e-05, 0.00104093, 6.47624e-05, 0.000334215, 0.00290486, 2.66596e-05, 0.000128044, 7.99401e-05, 3.11527e-05, 1.05278e-05, 0.000287652, 1.55825e-05, 1.29956e-05, 9.98874e-06, 1.11024e-05, 1.12241e-05, 1.42624e-05, 1.02568e-05, 1.16518e-05, 1.04229e-05, 1.25276e-05, 1.01373e-05, 1.34773e-05, 1.1227e-05, 1.0126e-05, 1.11805e-05, 1.06747e-05, 1.02193e-05, 4.53434e-05, 1.00442e-05, 1.21111e-05, 1.02221e-05, 1.04695e-05, 1.00717e-05, 1.28846e-05, 1.05112e-05, 1.01169e-05, 1.74271e-05, 1.00995e-05, 1.14185e-05, 1.45007e-05, 1.02825e-05, 1.21537e-05, 1.003e-05, 1.32676e-05, 1.04141e-05, 1.36554e-05, 1.13355e-05, 0.000211091, 1.02319e-05, 1.00976e-05, 1.00021e-05, 1.03743e-05, 2.31771e-05, 0.000101389, 1.12665e-05, 2.15542e-05, 0.000402949, 1.14634e-05, 1.27896e-05, 2.01916e-05, 0.000235391, 1.52549e-05, 1.01797e-05, 1.0043e-05, 0.000822561, 9.76894e-05, 1.54458e-05, 1.30467e-05, 0.000782098, 1.22168e-05, 1.8029e-05, 1.04347e-05, 5.78119e-05, 1.57034e-05, 3.50764e-05, 0.000122514, 2.01043e-05, 9.05126e-05, 1.28079e-05, 1.57354e-05, 1.00895e-05, 1.01318e-05, 1.06209e-05, 1.01969e-05, 2.05746e-05, 9.21934e-05, 1.06409e-05, 1.09597e-05, 1.33494e-05, 1.19779e-05, 1.12493e-05, 5.69877e-05, 9.94944e-06, 1.01109e-05, 1.01219e-05, 1.2761e-05, 9.9868e-06, 1.01133e-05, 9.9415e-06, 1.38076e-05, 1.02196e-05, 1.0445e-05, 2.36719e-05, 1.01539e-05, 1.75703e-05, 1.17752e-05, 1.05952e-05, 1.18576e-05, 1.06673e-05, 2.42885e-05, 3.72848e-05, 1.07371e-05, 0.000902875, 2.08143e-05, 9.0632e-05, 1.00925e-05, 1.05185e-05, 1.02306e-05, 1.04234e-05, 1.28203e-05, 5.07761e-05, 1.04551e-05, 1.30099e-05, 9.93647e-06, 1.09562e-05, 1.23243e-05, 1.42454e-05, 1.06096e-05, 9.97361e-06, 1.23624e-05, 1.00236e-05, 3.43343e-05, 1.10736e-05, 1.61553e-05, 1.00359e-05, 1.54974e-05, 2.06633e-05, 1.09433e-05, 1.34959e-05, 3.74726e-05, 1.3756e-05, 5.88036e-05, 6.11834e-05, 0.000291749, 3.01495e-05, 1.06025e-05, 1.05202e-05, 1.49451e-05, 0.000221077, 1.54063e-05, 1.10822e-05, 1.00087e-05, 9.977e-06, 0.000176446, 1.46449e-05, 2.26016e-05, 1.02392e-05, 9.9762e-06, 2.11424e-05, 1.2527e-05, 1.42671e-05, 4.07898e-05, 2.34296e-05, 1.00462e-05, 1.00358e-05, 1.14729e-05, 9.97104e-06, 1.00674e-05, 1.00578e-05, 1.18558e-05, 1.03002e-05, 9.96474e-06, 1.04107e-05, 1.0288e-05, 1.02682e-05, 9.97016e-06, 9.9688e-06, 2.19237e-05, 1.0278e-05, 1.00516e-05, 1.00269e-05, 1.4867e-05, 1.10559e-05, 1.02828e-05, 1.02365e-05, 1.13638e-05, 1.36137e-05, 1.1212e-05, 1.03986e-05, 1.0097e-05, 1.54937e-05, 1.65497e-05, 1.11304e-05, 1.56284e-05, 9.96947e-06, 9.97508e-06, 1.02828e-05, 1.10346e-05, 1.06208e-05, 1.02063e-05, 9.96553e-06, 1.04923e-05, 1.18226e-05, 1.09693e-05, 1.14828e-05, 9.98344e-06, 1.03182e-05, 1.21138e-05, 1.09419e-05, 1.07321e-05, 1.16889e-05, 2.7568e-05, 1.02209e-05, 1.09303e-05, 1.16403e-05, 1.07903e-05, 1.11437e-05, 1.07192e-05, 1.02968e-05, 1.04516e-05, 1.00179e-05, 1.11162e-05, 1.09909e-05, 9.92688e-06, 1.02284e-05, 1.00285e-05, 1.07217e-05, 1.04019e-05, 1.36507e-05, 9.96056e-06, 1.05254e-05, 1.39456e-05, 1.02874e-05, 1.01804e-05, 2.16871e-05, 1.02959e-05, 1.11586e-05, 1.0558e-05, 1.35734e-05, 1.73894e-05, 1.04597e-05, 1.06281e-05, 0.00386539, 1.06657e-05, 7.10699e-05, 0.000664568, 0.000258332, 0.00010668, 0.00151406, 6.05138e-05, 9.97983e-06, 7.07581e-05, 0.000550072, 2.61493e-05, 0.000672668, 0.000664698, 2.90865e-05, 1.69185e-05, 3.47951e-05, 1.23108e-05, 0.000265967, 1.00476e-05, 1.20485e-05, 1.75266e-05, 1.08933e-05, 2.5755e-05, 1.08213e-05, 0.00438817, 0.00145126, 1.58497e-05, 9.71985e-05, 0.00128209, 1.56006e-05, 0.000141527, 9.68942e-05, 5.33739e-05, 0.00052142, 2.04516e-05, 0.0051961, 1.49863e-05, 2.57766e-05 ]
}
