
{
  "stepsize" : 0.000676605,
  "metric_type" : "diag_e",
  "inv_metric" : [ 1.32507, 4.77651, 0.751787, 0.549282, 1.12234, 3.7416, 0.266863, 0.0825588, 0.502917, 0.164339, 0.243359, 1.96002, 0.486583, 0.903398, 0.986935, 2.2583, 1.19997, 2.40844, 0.591558, 1.22686, 1.29812, 0.284817, 1.58104, 0.170825, 1.992, 0.430618, 1.73924, 0.808707, 0.118549, 0.250954, 0.113003, 0.211142, 2.06122, 0.736972, 0.813706, 1.42203, 0.980048, 2.34149, 1.29761, 1.54739, 0.0427212, 0.352059, 1.29249, 1.26073, 0.0964669, 1.08971, 0.563364, 1.41265, 0.684016, 1.33337, 0.944821, 0.308146, 0.646944, 0.9446, 1.43756, 1.47887, 0.447537, 0.314034, 0.318193, 0.293607, 0.420072, 1.54492, 1.37778, 1.54844, 1.9326, 1.70944, 1.08031, 1.42095, 2.49403, 3.49102, 0.889727, 0.650202, 1.12824, 1.08085, 0.926459, 0.43497, 2.72918, 0.494931, 0.377177, 1.93388, 0.210373, 0.811808, 0.729313, 0.214134, 0.223221, 0.312533, 4.49175, 0.106281, 1.684, 1.44801, 0.0741077, 0.563427, 0.630748, 0.554406, 0.345366, 0.636931, 2.77956, 6.31797, 0.654201, 1.73016, 1.42729, 2.68994, 0.981609, 0.578585, 0.660073, 0.193459, 2.32609, 0.525673, 0.761569, 0.148438, 0.276839, 0.535953, 1.75548, 2.30034, 0.28569, 0.875169, 0.348054, 1.19885, 1.16362, 1.05829, 2.48483, 3.16489, 1.75314, 0.586951, 0.154719, 1.08346, 0.855124, 0.426189, 0.137622, 0.408287, 0.415243, 0.853832, 0.937476, 0.738271, 0.69458, 0.0711988, 1.09156, 1.78664, 1.24471, 0.681853, 1.50621, 0.12207, 0.385763, 2.09221, 0.311476, 1.81591, 0.867286, 1.37118, 0.311337, 5.36563, 0.253517, 0.42578, 0.295764, 0.829782, 1.92794, 1.23315, 2.54757, 0.87101, 1.86063, 1.55201, 1.06895, 0.692485, 1.07173, 0.26313, 0.530666, 0.964075, 0.370637, 0.436946, 0.0864409, 3.86208, 1.83497, 1.27191, 2.22406, 0.882046, 1.35946, 1.84035, 0.829903, 1.52486, 0.448754, 0.955902, 1.53308, 0.793886, 1.3642, 0.322045, 1.00646, 2.73676, 1.6017, 0.277194, 2.44381, 0.514832, 0.384661, 3.42239, 10.4652, 0.592712, 1.01373, 1.4851, 2.06748, 0.320118, 0.707302, 4.0975, 1.36703, 2.14693, 2.01733, 0.896784, 0.417201, 0.934985, 1.60977, 0.962675, 0.787602, 2.54866, 0.888813, 2.27294, 1.49097, 3.29224, 1.93513, 1.8115, 0.728004, 1.3031, 0.472477, 1.29824, 0.243962, 0.41162, 2.36143, 2.13247, 0.539775, 0.154302, 0.756138, 1.08873, 1.02027, 1.76708, 0.455312, 2.08645, 0.927515, 0.397877, 0.987245, 1.09343, 0.640663, 0.227276, 2.00976, 2.64829, 0.83206, 0.374889, 2.5668, 3.09523, 0.328278, 0.92355, 0.29382, 0.632825, 1.43748, 3.4409, 1.00726, 2.07179, 0.559409, 0.973773, 1.5677, 0.530414, 1.12802, 0.745206, 0.321309, 1.06834, 0.405277, 1.47218, 4.40869, 0.323292, 0.941823, 2.3343, 0.85131, 0.568564, 3.17273, 4.34001, 0.401085, 0.228128, 0.749204, 0.226625, 0.544688, 0.700346, 4.04481, 0.188867, 1.80308, 0.730625, 1.52247, 0.178903, 0.716452, 1.94118, 0.58271, 3.64614, 5.95303, 0.7924, 1.34037, 1.64375, 1.09538, 0.705186, 2.85848, 0.583348, 0.779616, 1.51668, 4.66041, 0.552182, 1.16277, 1.88743, 0.317668, 0.378483, 0.670869, 2.33607, 0.894473, 1.25438, 0.452417, 1.57137, 1.56487, 1.93313, 3.15451, 1.53924, 0.209823, 0.225795, 0.36036, 1.73099, 0.45322, 2.07783, 0.196504, 1.25601, 0.0861157, 1.05958, 0.445971, 0.587888, 1.36751, 0.884901, 3.00778, 3.98128, 1.13305, 1.14969, 1.58228, 0.671197, 1.40649, 0.444698, 0.679222, 1.68081, 0.253643, 0.0807567, 0.507257, 2.20149, 2.17144, 0.621709, 0.344746, 1.36755, 0.851028, 0.524024, 0.524448, 0.444221, 1.3042, 2.53891, 1.22245, 0.652913, 0.365726, 0.981482, 0.42054, 0.318189, 3.64586, 0.461061, 6.53839, 0.0652718, 0.563584, 2.57533, 2.23258, 0.926745, 0.908151, 0.979186, 0.341523, 0.639197, 3.63196, 0.712314, 0.986638, 0.41012, 1.31471, 0.275496, 0.275087, 0.373912, 0.511035, 2.13269, 0.0981775, 1.18521, 2.43589, 0.427713, 0.699513, 0.130836, 0.67279, 0.629426, 0.225015, 0.524878, 3.79479, 0.583594, 0.135077, 0.334759, 2.05114, 0.0847542, 2.62474, 1.35919, 1.92371, 0.0785712, 0.402966, 0.918752, 0.331769, 0.400626, 0.234448, 0.732801, 0.303976, 0.100778, 0.587089, 0.530658, 0.728541, 0.12027, 0.17627, 0.315656, 0.296562, 0.0400775, 0.235662, 0.159428, 0.163564, 0.0678518, 0.570527, 0.225804, 0.0937046, 1.69004, 4.5095, 0.171741, 0.272012, 0.0669237, 0.0650402, 0.0409044, 0.055875, 0.0342581, 0.0827268, 0.0162431, 0.0554389, 0.0910394, 0.0827297 ]
}
